1	0	Xinhua	NNP
2	1	News	NNP
3	2	Agency	NNP
4	3	,	,
5	4	Hangzhou	NNP
6	5	,	,
7	6	September	NNP
8	7	2nd	NN
9	8	,	,
10	9	by	IN
11	10	reporters	NNS
12	11	Haixiong	NNP
13	12	Shen	NNP
14	13	and	CC
15	14	Xiquan	NNP
16	15	Shen	NNP
17	*
18	0	Typhoon	NN
19	1	No.	NNP
20	2	17	CD
21	3	has	VBZ
22	4	caused	VBN
23	5	the	DT
24	6	education	NN
25	7	system	NN
26	8	of	IN
27	9	the	DT
28	10	disaster	NN
29	11	areas	NNS
30	12	of	IN
31	13	Zhejiang	NNP
32	14	to	TO
33	15	suffer	VB
34	16	heavy	JJ
35	17	losses	NNS
36	18	,	,
37	19	and	CC
38	20	the	DT
39	21	number	NN
40	22	schools	NNS
41	23	with	IN
42	24	dormitories	NNS
43	25	and	CC
44	26	facilities	NNS
45	27	having	VBG
46	28	been	VBN
47	29	damaged	VBN
48	30	has	VBZ
49	31	reached	VBN
50	32	1500	CD
51	33	.	.
52	*
53	0	After	IN
54	1	the	DT
55	2	government	NN
56	3	and	CC
57	4	the	DT
58	5	people	NNS
59	6	in	IN
60	7	the	DT
61	8	disaster	NN
62	9	area	NN
63	10	actively	RB
64	11	fought	VBD
65	12	the	DT
66	13	disaster	NN
67	14	in	IN
68	15	an	DT
69	16	all	RB
70	17	-	HYPH
71	18	out	JJ
72	19	effort	NN
73	20	to	TO
74	21	save	VB
75	22	themselves	PRP
76	23	,	,
77	24	now	RB
78	25	,	,
79	26	most	JJS
80	27	of	IN
81	28	the	DT
82	29	disaster	NN
83	30	area	NN
84	31	's	POS
85	32	primary	JJ
86	33	and	CC
87	34	middle	JJ
88	35	schools	NNS
89	36	have	VBP
90	37	opened	VBN
91	38	as	IN
92	39	usual	JJ
93	40	.	.
94	*
95	0	Zhejiang	NNP
96	1	Province	NNP
97	2	's	POS
98	3	Education	NNP
99	4	Department	NNP
100	5	has	VBZ
101	6	recently	RB
102	7	sent	VBN
103	8	out	RP
104	9	working	VBG
105	10	teams	NNS
106	11	to	TO
107	12	separately	RB
108	13	go	VB
109	14	to	IN
110	15	such	JJ
111	16	places	NNS
112	17	as	IN
113	18	Wenzhou	NNP
114	19	,	,
115	20	Taizhou	NNP
116	21	,	,
117	22	etc.	FW
118	23	to	TO
119	24	direct	VB
120	25	the	DT
121	26	education	NN
122	27	restoration	NN
123	28	work	NN
124	29	in	IN
125	30	the	DT
126	31	disaster	NN
127	32	area	NN
128	33	.	.
129	*
130	0	More	JJR
131	1	than	IN
132	2	20	CD
133	3	people	NNS
134	4	from	IN
135	5	Wenzhou	NNP
136	6	's	POS
137	7	Education	NNP
138	8	Committee	NNP
139	9	Organization	NNP
140	10	,	,
141	11	offices	NNS
142	12	and	CC
143	13	cadres	NNS
144	14	separated	VBD
145	15	into	IN
146	16	7	CD
147	17	groups	NNS
148	18	to	TO
149	19	go	VB
150	20	to	IN
151	21	such	JJ
152	22	places	NNS
153	23	as	IN
154	24	Yueqing	NNP
155	25	,	,
156	26	Ouhai	NNP
157	27	,	,
158	28	Dongtou	NNP
159	29	,	,
160	30	Pingyang	NNP
161	31	,	,
162	32	etc.	FW
163	33	to	TO
164	34	help	VB
165	35	finish	VB
166	36	restoring	VBG
167	37	the	DT
168	38	school	NN
169	39	and	CC
170	40	the	DT
171	41	school	NN
172	42	opening	NN
173	43	preparation	NN
174	44	work	NN
175	45	.	.
176	*
177	0	It	PRP
178	1	also	RB
179	2	squeezed	VBD
180	3	200,000	CD
181	4	yuan	NNS
182	5	out	IN
183	6	of	IN
184	7	the	DT
185	8	education	NN
186	9	fund	NN
187	10	to	TO
188	11	specially	RB
189	12	use	VB
190	13	in	IN
191	14	education	NN
192	15	disaster	NN
193	16	relief	NN
194	17	.	.
195	*
196	0	For	IN
197	1	those	DT
198	2	students	NNS
199	3	who	WP
200	4	can	MD
201	5	not	RB
202	6	pay	VB
203	7	tuition	NN
204	8	because	IN
205	9	of	IN
206	10	family	NN
207	11	financial	JJ
208	12	difficulties	NNS
209	13	caused	VBN
210	14	by	IN
211	15	the	DT
212	16	disaster	NN
213	17	,	,
214	18	educational	JJ
215	19	administrative	JJ
216	20	departments	NNS
217	21	in	IN
218	22	cities	NNS
219	23	and	CC
220	24	counties	NNS
221	25	from	IN
222	26	all	RB
223	27	over	RB
224	28	have	VBP
225	29	reduced	VBN
226	30	or	CC
227	31	remitted	VBN
228	32	tuition	NN
229	33	,	,
230	34	or	CC
231	35	rendered	VBN
232	36	certain	JJ
233	37	assistance	NN
234	38	to	TO
235	39	ensure	VB
236	40	students	NNS
237	41	can	MD
238	42	start	VB
239	43	school	NN
240	44	on	IN
241	45	time	NN
242	46	.	.
243	*
244	0	School	NN
245	1	leaders	NNS
246	2	and	CC
247	3	teaching	NN
248	4	and	CC
249	5	administrative	JJ
250	6	workers	NNS
251	7	in	IN
252	8	the	DT
253	9	disaster	NN
254	10	areas	NNS
255	11	automatically	RB
256	12	went	VBD
257	13	to	TO
258	14	work	VB
259	15	ahead	RB
260	16	of	IN
261	17	time	NN
262	18	,	,
263	19	carefully	RB
264	20	cleaning	VBG
265	21	the	DT
266	22	school	NN
267	23	environment	NN
268	24	,	,
269	25	implementing	VBG
270	26	sanitation	NN
271	27	and	CC
272	28	disinfection	NN
273	29	,	,
274	30	and	CC
275	31	conduct	VB
276	32	repairs	NNS
277	33	on	IN
278	34	damaged	VBN
279	35	school	NN
280	36	buildings	NNS
281	37	.	.
282	*
283	0	Wenzhou	NNP
284	1	's	POS
285	2	Education	NNP
286	3	Committee	NNP
287	4	and	CC
288	5	the	DT
289	6	Weizhou	NNP
290	7	Municipal	NNP
291	8	Committee	NNP
292	9	of	IN
293	10	the	DT
294	11	Communist	NNP
295	12	Youth	NNP
296	13	League	NNP
297	14	also	RB
298	15	united	VBD
299	16	with	IN
300	17	teachers	NNS
301	18	and	CC
302	19	students	NNS
303	20	of	IN
304	21	the	DT
305	22	schools	NNS
306	23	in	IN
307	24	the	DT
308	25	disaster	NN
309	26	area	NN
310	27	to	TO
311	28	initiate	VB
312	29	a	DT
313	30	donation	NN
314	31	collection	NN
315	32	activity	NN
316	33	called	VBN
317	34	"	``
318	35	Donating	VBG
319	36	love	NN
320	37	to	IN
321	38	disaster	NN
322	39	stricken	VBN
323	40	schools	NNS
324	41	"	''
325	42	.	.
326	*
327	0	So	RB
328	1	far	RB
329	2	this	DT
330	3	city	NN
331	4	has	VBZ
332	5	already	RB
333	6	received	VBN
334	7	more	JJR
335	8	than	IN
336	9	1,000,000	CD
337	10	yuan	NNS
338	11	in	IN
339	12	donations	NNS
340	13	of	IN
341	14	all	DT
342	15	kinds	NNS
343	16	.	.
344	*
345	0	-LRB-	-LRB-
346	1	End	NN
347	2	-RRB-	-RRB-
348	*
349	0	In	IN
350	1	June	NNP
351	2	of	IN
352	3	2004	CD
353	4	,	,
354	5	the	DT
355	6	Shanxi	NNP
356	7	Yongji	NNP
357	8	Peasants	NNPS
358	9	Association	NNP
359	10	was	VBD
360	11	formally	RB
361	12	established	VBN
362	13	;	:
363	14	it	PRP
364	15	now	RB
365	16	has	VBZ
366	17	3,800	CD
367	18	members	NNS
368	19	.	.
369	*
370	0	Accordingly	RB
371	1	,	,
372	2	this	DT
373	3	is	VBZ
374	4	the	DT
375	5	first	JJ
376	6	peasant	NN
377	7	organization	NN
378	8	to	TO
379	9	be	VB
380	10	legally	RB
381	11	registered	VBN
382	12	and	CC
383	13	designated	VBN
384	14	a	DT
385	15	peasant	NN
386	16	association	NN
387	17	since	IN
388	18	the	DT
389	19	founding	NN
390	20	of	IN
391	21	the	DT
392	22	PRC	NNP
393	23	.	.
394	*
395	0	Its	PRP$
396	1	president	NN
397	2	is	VBZ
398	3	Zheng	NNP
399	4	Bing	NNP
400	5	.	.
401	*
402	0	She	PRP
403	1	says	VBZ
404	2	that	IN
405	3	two	CD
406	4	years	NNS
407	5	before	IN
408	6	that	DT
409	7	they	PRP
410	8	were	VBD
411	9	already	RB
412	10	calling	VBG
413	11	themselves	PRP
414	12	a	DT
415	13	peasant	NN
416	14	association	NN
417	15	.	.
418	*
419	0	At	IN
420	1	the	DT
421	2	time	NN
422	3	the	DT
423	4	association	NN
424	5	was	VBD
425	6	just	RB
426	7	set	VBN
427	8	up	RP
428	9	,	,
429	10	it	PRP
430	11	ran	VBD
431	12	into	IN
432	13	an	DT
433	14	issue	NN
434	15	.	.
435	*
436	0	It	PRP
437	1	really	RB
438	2	tested	VBD
439	3	the	DT
440	4	association	NN
441	5	's	POS
442	6	ability	NN
443	7	to	TO
444	8	deal	VB
445	9	with	IN
446	10	problems	NNS
447	11	.	.
448	*
449	0	The	DT
450	1	school	NN
451	2	built	VBD
452	3	a	DT
453	4	classroom	NN
454	5	building	NN
455	6	and	CC
456	7	put	VB
457	8	a	DT
458	9	lock	NN
459	10	on	IN
460	11	the	DT
461	12	gate	NN
462	13	door	NN
463	14	.	.
464	*
465	0	They	PRP
466	1	invested	VBD
467	2	more	JJR
468	3	than	IN
469	4	400,000	CD
470	5	;	:
471	6	although	IN
472	7	they	PRP
473	8	were	VBD
474	9	poor	JJ
475	10	,	,
476	11	several	JJ
477	12	hundred	CD
478	13	family	NN
479	14	heads	NNS
480	15	made	VBD
481	16	a	DT
482	17	ruckus	NN
483	18	.	.
484	*
485	0	The	DT
486	1	secretary	NN
487	2	telephoned	VBD
488	3	,	,
489	4	can	MD
490	5	our	PRP$
491	6	association	NN
492	7	get	VB
493	8	involved	VBN
494	9	and	CC
495	10	resolve	VB
496	11	this	DT
497	12	matter	NN
498	13	.	.
499	*
500	0	I	PRP
501	1	myself	PRP
502	2	put	VBD
503	3	up	RP
504	4	1,000	CD
505	5	yuan	NN
506	6	,	,
507	7	and	CC
508	8	with	IN
509	9	19	CD
510	10	people	NNS
511	11	we	PRP
512	12	put	VBP
513	13	together	RP
514	14	10,000	CD
515	15	yuan	NN
516	16	,	,
517	17	and	CC
518	18	we	PRP
519	19	went	VBD
520	20	to	TO
521	21	negotiate	VB
522	22	with	IN
523	23	the	DT
524	24	contractor	NN
525	25	.	.
526	*
527	0	In	IN
528	1	the	DT
529	2	end	NN
530	3	,	,
531	4	the	DT
532	5	contractor	NN
533	6	came	VBD
534	7	around	RB
535	8	and	CC
536	9	let	VB
537	10	the	DT
538	11	kids	NNS
539	12	go	VB
540	13	into	IN
541	14	the	DT
542	15	classrooms	NNS
543	16	to	TO
544	17	attend	VB
545	18	classes	NNS
546	19	.	.
547	*
548	0	The	DT
549	1	entire	JJ
550	2	problem	NN
551	3	was	VBD
552	4	resolved	VBN
553	5	smoothly	RB
554	6	,	,
555	7	and	CC
556	8	it	PRP
557	9	greatly	RB
558	10	increased	VBD
559	11	the	DT
560	12	prestige	NN
561	13	of	IN
562	14	the	DT
563	15	peasant	NN
564	16	association	NN
565	17	in	IN
566	18	the	DT
567	19	eyes	NNS
568	20	of	IN
569	21	the	DT
570	22	local	JJ
571	23	villagers	NNS
572	24	.	.
573	*
574	0	But	CC
575	1	why	WRB
576	2	did	VBD
577	3	a	DT
578	4	peasant	NN
579	5	organization	NN
580	6	get	VB
581	7	involved	VBN
582	8	in	IN
583	9	a	DT
584	10	matter	NN
585	11	that	WDT
586	12	should	MD
587	13	have	VB
588	14	been	VBN
589	15	resolved	VBN
590	16	by	IN
591	17	the	DT
592	18	village	NN
593	19	Party	NNP
594	20	committee	NN
595	21	?	.
596	*
597	0	Will	MD
598	1	peasant	NN
599	2	associations	NNS
600	3	become	VB
601	4	a	DT
602	5	direction	NN
603	6	of	IN
604	7	organized	VBN
605	8	rural	JJ
606	9	development	NN
607	10	?	.
608	*
609	0	With	IN
610	1	these	DT
611	2	questions	NNS
612	3	in	IN
613	4	mind	NN
614	5	,	,
615	6	this	DT
616	7	reporter	NN
617	8	came	VBD
618	9	to	IN
619	10	Yongji	NNP
620	11	in	IN
621	12	Shanxi	NNP
622	13	to	TO
623	14	get	VB
624	15	the	DT
625	16	scoop	NN
626	17	.	.
627	*
628	0	In	IN
629	1	fact	NN
630	2	I	PRP
631	3	'd	MD
632	4	heard	VBN
633	5	about	IN
634	6	Zheng	NNP
635	7	Bing	NNP
636	8	's	POS
637	9	aggressive	JJ
638	10	approach	NN
639	11	early	RB
640	12	on	RB
641	13	.	.
642	*
643	0	But	CC
644	1	when	WRB
645	2	I	PRP
646	3	saw	VBD
647	4	her	PRP
648	5	,	,
649	6	I	PRP
650	7	felt	VBD
651	8	she	PRP
652	9	was	VBD
653	10	someone	NN
654	11	who	WP
655	12	really	RB
656	13	wanted	VBD
657	14	to	TO
658	15	be	VB
659	16	low	JJ
660	17	key	JJ
661	18	.	.
662	*
663	0	The	DT
664	1	minute	NN
665	2	I	PRP
666	3	met	VBD
667	4	her	PRP
668	5	,	,
669	6	she	PRP
670	7	told	VBD
671	8	me	PRP
672	9	that	IN
673	10	what	WP
674	11	she	PRP
675	12	did	VBD
676	13	was	VBD
677	14	terribly	RB
678	15	ordinary	JJ
679	16	,	,
680	17	and	CC
681	18	basically	RB
682	19	was	VBD
683	20	n't	RB
684	21	worth	JJ
685	22	our	PRP$
686	23	looking	VBG
687	24	into	IN
688	25	.	.
689	*
690	0	And	CC
691	1	she	PRP
692	2	spoke	VBD
693	3	about	IN
694	4	her	PRP$
695	5	family	NN
696	6	,	,
697	7	her	PRP$
698	8	husband	NN
699	9	and	CC
700	10	child	NN
701	11	,	,
702	12	and	CC
703	13	she	PRP
704	14	looked	VBD
705	15	concerned	JJ
706	16	and	CC
707	17	haggard	JJ
708	18	.	.
709	*
710	0	And	CC
711	1	she	PRP
712	2	would	MD
713	3	often	RB
714	4	sigh	VB
715	5	.	.
716	*
717	0	But	CC
718	1	when	WRB
719	2	the	DT
720	3	subject	NN
721	4	of	IN
722	5	the	DT
723	6	Peasants	NNPS
724	7	Association	NNP
725	8	comes	VBZ
726	9	up	RP
727	10	,	,
728	11	and	CC
729	12	when	WRB
730	13	talked	VBD
731	14	about	IN
732	15	how	WRB
733	16	she	PRP
734	17	was	VBD
735	18	organizing	VBG
736	19	peasants	NNS
737	20	and	CC
738	21	helping	VBG
739	22	them	PRP
740	23	improve	VB
741	24	the	DT
742	25	quality	NN
743	26	-LRB-	-LRB-
744	27	of	IN
745	28	their	PRP$
746	29	lives	NNS
747	30	-RRB-	-RRB-
748	31	,	,
749	32	Zheng	NNP
750	33	Bing	NNP
751	34	's	POS
752	35	face	NN
753	36	lights	VBZ
754	37	up	RP
755	38	with	IN
756	39	a	DT
757	40	dazzling	VBG
758	41	smile	NN
759	42	.	.
760	*
761	0	If	IN
762	1	you	PRP
763	2	go	VBP
764	3	13	CD
765	4	kilometers	NNS
766	5	west	RB
767	6	of	IN
768	7	Yongji	NNP
769	8	in	IN
770	9	Shanxi	NNP
771	10	,	,
772	11	you	PRP
773	12	come	VBP
774	13	to	IN
775	14	Zhaizi	NNP
776	15	Village	NNP
777	16	.	.
778	*
779	0	The	DT
780	1	Yongji	NNP
781	2	Peasants	NNPS
782	3	Association	NNP
783	4	has	VBZ
784	5	its	PRP$
785	6	headquarters	NN
786	7	at	IN
787	8	the	DT
788	9	entrance	NN
789	10	to	IN
790	11	Zhaizi	NNP
791	12	Village	NNP
792	13	.	.
793	*
794	0	Previously	RB
795	1	,	,
796	2	Zheng	NNP
797	3	Bing	NNP
798	4	and	CC
799	5	her	PRP$
800	6	husband	NN
801	7	ran	VBD
802	8	a	DT
803	9	chemical	NN
804	10	fertilizer	NN
805	11	store	NN
806	12	here	RB
807	13	.	.
808	*
809	0	Now	RB
810	1	,	,
811	2	they	PRP
812	3	have	VBP
813	4	donated	VBN
814	5	the	DT
815	6	fertilizer	NN
816	7	store	NN
817	8	to	IN
818	9	the	DT
819	10	Peasants	NNPS
820	11	Association	NNP
821	12	.	.
822	*
823	0	Back	RB
824	1	in	IN
825	2	'97	CD
826	3	,	,
827	4	why	WRB
828	5	did	VBD
829	6	you	PRP
830	7	think	VB
831	8	of	IN
832	9	giving	VBG
833	10	technical	JJ
834	11	training	NN
835	12	to	IN
836	13	the	DT
837	14	peasants	NNS
838	15	?	.
839	*
840	0	It	PRP
841	1	was	VBD
842	2	kind	RB
843	3	of	RB
844	4	by	IN
845	5	accident	NN
846	6	.	.
847	*
848	0	Um	UH
849	1	,	,
850	2	at	IN
851	3	the	DT
852	4	time	NN
853	5	,	,
854	6	my	PRP$
855	7	husband	NN
856	8	ran	VBD
857	9	,	,
858	10	uh	UH
859	11	,	,
860	12	the	DT
861	13	Zhaizi	NNP
862	14	Technical	NNP
863	15	Center	NNP
864	16	,	,
865	17	on	IN
866	18	the	DT
867	19	banks	NNS
868	20	of	IN
869	21	the	DT
870	22	Yellow	NNP
871	23	River	NNP
872	24	,	,
873	25	which	WDT
874	26	provided	VBD
875	27	farmer	NN
876	28	's	POS
877	29	financial	JJ
878	30	services	NNS
879	31	to	IN
880	32	the	DT
881	33	peasants	NNS
882	34	.	.
883	*
884	0	While	IN
885	1	I	PRP
886	2	was	VBD
887	3	helping	VBG
888	4	my	PRP$
889	5	husband	NN
890	6	,	,
891	7	I	PRP
892	8	discovered	VBD
893	9	that	IN
894	10	the	DT
895	11	peasants	NNS
896	12	were	VBD
897	13	investing	VBG
898	14	the	DT
899	15	money	NN
900	16	to	TO
901	17	buy	VB
902	18	fertilizer	NN
903	19	in	IN
904	20	a	DT
905	21	very	RB
906	22	haphazard	JJ
907	23	way	NN
908	24	.	.
909	*
910	0	Also	RB
911	1	,	,
912	2	many	JJ
913	3	of	IN
914	4	those	DT
915	5	peasants	NNS
916	6	who	WP
917	7	came	VBD
918	8	into	IN
919	9	the	DT
920	10	store	NN
921	11	to	TO
922	12	buy	VB
923	13	fertilizer	NN
924	14	,	,
925	15	they	PRP
926	16	'd	MD
927	17	come	VB
928	18	into	IN
929	19	the	DT
930	20	store	NN
931	21	,	,
932	22	and	CC
933	23	they	PRP
934	24	really	RB
935	25	did	VBD
936	26	n't	RB
937	27	have	VB
938	28	a	DT
939	29	clue	NN
940	30	,	,
941	31	and	CC
942	32	they	PRP
943	33	'd	MD
944	34	think	VB
945	35	,	,
946	36	So	NN
947	37	-	HYPH
948	38	and	CC
949	39	-	HYPH
950	40	so	NN
951	41	is	VBZ
952	42	buying	VBG
953	43	that	DT
954	44	,	,
955	45	so	CC
956	46	I	PRP
957	47	'll	MD
958	48	buy	VB
959	49	that	DT
960	50	,	,
961	51	and	CC
962	52	they	PRP
963	53	basically	RB
964	54	did	VBD
965	55	n't	RB
966	56	know	VB
967	57	,	,
968	58	they	PRP
969	59	did	VBD
970	60	n't	RB
971	61	go	VB
972	62	and	CC
973	63	choose	VB
974	64	something	NN
975	65	based	VBN
976	66	on	IN
977	67	what	WP
978	68	their	PRP$
979	69	own	JJ
980	70	land	NN
981	71	needed	VBD
982	72	.	.
983	*
984	0	Was	VBD
985	1	it	PRP
986	2	easy	JJ
987	3	to	TO
988	4	get	VB
989	5	teachers	NNS
990	6	to	TO
991	7	come	VB
992	8	to	IN
993	9	the	DT
994	10	village	NN
995	11	to	TO
996	12	give	VB
997	13	classes	NNS
998	14	?	.
999	*
1000	0	The	DT
1001	1	first	JJ
1002	2	time	NN
1003	3	,	,
1004	4	in	IN
1005	5	fact	NN
1006	6	,	,
1007	7	the	DT
1008	8	first	JJ
1009	9	time	NN
1010	10	was	VBD
1011	11	unimaginable	JJ
1012	12	.	.
1013	*
1014	0	At	IN
1015	1	the	DT
1016	2	time	NN
1017	3	,	,
1018	4	the	DT
1019	5	attendance	NN
1020	6	on	IN
1021	7	that	DT
1022	8	day	NN
1023	9	,	,
1024	10	it	PRP
1025	11	was	VBD
1026	12	n't	RB
1027	13	something	NN
1028	14	like	IN
1029	15	that	DT
1030	16	.	.
1031	*
1032	0	The	DT
1033	1	first	JJ
1034	2	time	NN
1035	3	,	,
1036	4	organizing	VBG
1037	5	the	DT
1038	6	first	JJ
1039	7	time	NN
1040	8	,	,
1041	9	,	,
1042	10	at	IN
1043	11	the	DT
1044	12	time	NN
1045	13	that	DT
1046	14	Zhaizi	NNP
1047	15	Technical	NNP
1048	16	Center	NNP
1049	17	was	VBD
1050	18	seven	CD
1051	19	or	CC
1052	20	eight	CD
1053	21	li	NN
1054	22	from	IN
1055	23	our	PRP$
1056	24	village	NN
1057	25	,	,
1058	26	and	CC
1059	27	it	PRP
1060	28	was	VBD
1061	29	on	IN
1062	30	the	DT
1063	31	banks	NNS
1064	32	of	IN
1065	33	the	DT
1066	34	Yellow	NNP
1067	35	River	NNP
1068	36	!	.
1069	*
1070	0	At	IN
1071	1	the	DT
1072	2	time	NN
1073	3	I	PRP
1074	4	was	VBD
1075	5	afraid	JJ
1076	6	to	TO
1077	7	ask	VB
1078	8	the	DT
1079	9	teacher	NN
1080	10	to	TO
1081	11	come	VB
1082	12	because	IN
1083	13	the	DT
1084	14	peasants	NNS
1085	15	might	MD
1086	16	not	RB
1087	17	come	VB
1088	18	to	TO
1089	19	hear	VB
1090	20	him	PRP
1091	21	,	,
1092	22	so	CC
1093	23	at	IN
1094	24	the	DT
1095	25	time	NN
1096	26	I	PRP
1097	27	ran	VBD
1098	28	from	IN
1099	29	village	NN
1100	30	to	IN
1101	31	village	NN
1102	32	,	,
1103	33	I	PRP
1104	34	went	VBD
1105	35	around	RB
1106	36	organizing	VBG
1107	37	.	.
1108	*
1109	0	I	PRP
1110	1	spent	VBD
1111	2	two	CD
1112	3	months	NNS
1113	4	running	VBG
1114	5	around	RB
1115	6	to	IN
1116	7	the	DT
1117	8	ten	CD
1118	9	villages	NNS
1119	10	that	WDT
1120	11	surround	VBP
1121	12	our	PRP$
1122	13	village	NN
1123	14	.	.
1124	*
1125	0	Um	UH
1126	1	,	,
1127	2	and	CC
1128	3	at	IN
1129	4	each	DT
1130	5	village	NN
1131	6	,	,
1132	7	I	PRP
1133	8	would	MD
1134	9	go	VB
1135	10	around	RB
1136	11	trying	VBG
1137	12	to	TO
1138	13	find	VB
1139	14	out	RP
1140	15	who	WP
1141	16	had	VBD
1142	17	the	DT
1143	18	most	JJS
1144	19	technology	NN
1145	20	awareness	NN
1146	21	.	.
1147	*
1148	0	Then	RB
1149	1	I	PRP
1150	2	'd	MD
1151	3	go	VB
1152	4	to	IN
1153	5	them	PRP
1154	6	face	NN
1155	7	to	IN
1156	8	face	NN
1157	9	and	CC
1158	10	say	VB
1159	11	,	,
1160	12	We	PRP
1161	13	're	VBP
1162	14	planning	VBG
1163	15	to	TO
1164	16	hold	VB
1165	17	a	DT
1166	18	technical	JJ
1167	19	training	NN
1168	20	;	:
1169	21	would	MD
1170	22	you	PRP
1171	23	be	VB
1172	24	willing	JJ
1173	25	to	TO
1174	26	come	VB
1175	27	?	.
1176	*
1177	0	Finally	RB
1178	1	,	,
1179	2	from	IN
1180	3	the	DT
1181	4	ten	CD
1182	5	villages	NNS
1183	6	,	,
1184	7	I	PRP
1185	8	chose	VBD
1186	9	80	CD
1187	10	women	NNS
1188	11	.	.
1189	*
1190	0	Then	RB
1191	1	I	PRP
1192	2	got	VBP
1193	3	them	PRP
1194	4	to	TO
1195	5	bring	VB
1196	6	peasants	NNS
1197	7	from	IN
1198	8	surrounding	VBG
1199	9	area	NN
1200	10	altogether	RB
1201	11	.	.
1202	*
1203	0	Were	VBD
1204	1	there	EX
1205	2	people	NNS
1206	3	who	WP
1207	4	could	MD
1208	5	not	RB
1209	6	get	VB
1210	7	in	IN
1211	8	to	IN
1212	9	the	DT
1213	10	class	NN
1214	11	?	.
1215	*
1216	0	More	JJR
1217	1	than	IN
1218	2	400	CD
1219	3	people	NNS
1220	4	came	VBD
1221	5	to	IN
1222	6	the	DT
1223	7	class	NN
1224	8	that	DT
1225	9	day	NN
1226	10	.	.
1227	*
1228	0	So	RB
1229	1	I	PRP
1230	2	went	VBD
1231	3	to	IN
1232	4	ten	CD
1233	5	villages	NNS
1234	6	,	,
1235	7	but	CC
1236	8	it	PRP
1237	9	was	VBD
1238	10	n't	RB
1239	11	just	RB
1240	12	the	DT
1241	13	80	CD
1242	14	people	NNS
1243	15	,	,
1244	16	they	PRP
1245	17	all	DT
1246	18	brought	VBD
1247	19	people	NNS
1248	20	from	IN
1249	21	the	DT
1250	22	surrounding	VBG
1251	23	area	NN
1252	24	.	.
1253	*
1254	0	The	DT
1255	1	class	NN
1256	2	went	VBD
1257	3	on	RP
1258	4	from	IN
1259	5	just	RB
1260	6	after	IN
1261	7	10	CD
1262	8	in	IN
1263	9	the	DT
1264	10	morning	NN
1265	11	until	IN
1266	12	five	CD
1267	13	in	IN
1268	14	the	DT
1269	15	afternoon	NN
1270	16	.	.
1271	*
1272	0	Hey	UH
1273	1	,	,
1274	2	when	WRB
1275	3	that	DT
1276	4	class	NN
1277	5	was	VBD
1278	6	over	RB
1279	7	,	,
1280	8	many	JJ
1281	9	of	IN
1282	10	the	DT
1283	11	peasants	NNS
1284	12	had	VBD
1285	13	a	DT
1286	14	lot	NN
1287	15	of	IN
1288	16	feedback	NN
1289	17	.	.
1290	*
1291	0	Hey	UH
1292	1	,	,
1293	2	,	,
1294	3	the	DT
1295	4	class	NN
1296	5	went	VBD
1297	6	great	RB
1298	7	.	.
1299	*
1300	0	This	DT
1301	1	class	NN
1302	2	earned	VBD
1303	3	Zheng	NNP
1304	4	Bing	NNP
1305	5	more	JJR
1306	6	than	IN
1307	7	she	PRP
1308	8	had	VBD
1309	9	expected	VBN
1310	10	.	.
1311	*
1312	0	Nearby	JJ
1313	1	villagers	NNS
1314	2	all	DT
1315	3	heard	VBD
1316	4	about	IN
1317	5	this	DT
1318	6	terrific	JJ
1319	7	person	NN
1320	8	who	WP
1321	9	dug	VBD
1322	10	deep	RB
1323	11	into	IN
1324	12	her	PRP$
1325	13	own	JJ
1326	14	pockets	NNS
1327	15	to	TO
1328	16	provide	VB
1329	17	an	DT
1330	18	agricultural	JJ
1331	19	seminar	NN
1332	20	for	IN
1333	21	everybody	NN
1334	22	.	.
1335	*
1336	0	And	CC
1337	1	they	PRP
1338	2	all	DT
1339	3	loved	VBD
1340	4	coming	VBG
1341	5	to	IN
1342	6	the	DT
1343	7	technical	JJ
1344	8	services	NNS
1345	9	center	NN
1346	10	to	TO
1347	11	buy	VB
1348	12	things	NNS
1349	13	.	.
1350	*
1351	0	The	DT
1352	1	next	JJ
1353	2	year	NN
1354	3	,	,
1355	4	this	DT
1356	5	shop	NN
1357	6	of	IN
1358	7	Zheng	NNP
1359	8	Bing	NNP
1360	9	's	POS
1361	10	took	VBD
1362	11	in	RP
1363	12	more	JJR
1364	13	than	IN
1365	14	60,000	CD
1366	15	yuan	NN
1367	16	.	.
1368	*
1369	0	Furthermore	RB
1370	1	,	,
1371	2	this	DT
1372	3	center	NN
1373	4	of	IN
1374	5	hers	NN
1375	6	became	VBD
1376	7	an	DT
1377	8	agricultural	JJ
1378	9	technology	NN
1379	10	exchange	NN
1380	11	center	NN
1381	12	for	IN
1382	13	the	DT
1383	14	surrounding	VBG
1384	15	area	NN
1385	16	.	.
1386	*
1387	0	Whenever	WRB
1388	1	villagers	NNS
1389	2	would	MD
1390	3	run	VB
1391	4	into	IN
1392	5	some	DT
1393	6	agricultural	JJ
1394	7	production	NN
1395	8	issue	NN
1396	9	,	,
1397	10	they	PRP
1398	11	all	DT
1399	12	liked	VBD
1400	13	to	TO
1401	14	come	VB
1402	15	here	RB
1403	16	to	TO
1404	17	look	VB
1405	18	for	IN
1406	19	answers	NNS
1407	20	.	.
1408	*
1409	0	How	WRB
1410	1	many	JJ
1411	2	times	NNS
1412	3	since	IN
1413	4	the	DT
1414	5	end	NN
1415	6	of	IN
1416	7	'98	CD
1417	8	have	VBP
1418	9	you	PRP
1419	10	held	VBN
1420	11	similar	JJ
1421	12	training	NN
1422	13	sessions	NNS
1423	14	?	.
1424	*
1425	0	Since	IN
1426	1	December	NNP
1427	2	of	IN
1428	3	'98	CD
1429	4	,	,
1430	5	each	DT
1431	6	year	NN
1432	7	we	PRP
1433	8	've	VBP
1434	9	held	VBN
1435	10	four	CD
1436	11	to	TO
1437	12	six	CD
1438	13	training	NN
1439	14	sessions	NNS
1440	15	.	.
1441	*
1442	0	Do	VBP
1443	1	you	PRP
1444	2	still	RB
1445	3	need	VB
1446	4	to	TO
1447	5	provide	VB
1448	6	the	DT
1449	7	money	NN
1450	8	for	IN
1451	9	them	PRP
1452	10	?	.
1453	*
1454	0	Um	UH
1455	1	,	,
1456	2	not	RB
1457	3	necessarily	RB
1458	4	.	.
1459	*
1460	0	Starting	VBG
1461	1	in	IN
1462	2	'99	CD
1463	3	,	,
1464	4	because	IN
1465	5	in	IN
1466	6	'98	CD
1467	7	,	,
1468	8	for	IN
1469	9	that	DT
1470	10	one	CD
1471	11	training	NN
1472	12	session	NN
1473	13	,	,
1474	14	I	PRP
1475	15	spent	VBD
1476	16	1,300	CD
1477	17	yuan	NN
1478	18	.	.
1479	*
1480	0	And	CC
1481	1	that	DT
1482	2	year	NN
1483	3	,	,
1484	4	the	DT
1485	5	income	NN
1486	6	I	PRP
1487	7	counted	VBD
1488	8	was	VBD
1489	9	4,000	CD
1490	10	yuan	NN
1491	11	.	.
1492	*
1493	0	Therefore	RB
1494	1	if	IN
1495	2	we	PRP
1496	3	did	VBD
1497	4	a	DT
1498	5	training	NN
1499	6	session	NN
1500	7	four	CD
1501	8	times	NNS
1502	9	a	DT
1503	10	year	NN
1504	11	we	PRP
1505	12	were	VBD
1506	13	n't	RB
1507	14	earning	VBG
1508	15	as	RB
1509	16	much	JJ
1510	17	as	IN
1511	18	we	PRP
1512	19	had	VBD
1513	20	to	TO
1514	21	spend	VB
1515	22	.	.
1516	*
1517	0	Then	RB
1518	1	,	,
1519	2	in	IN
1520	3	'99	CD
1521	4	,	,
1522	5	I	PRP
1523	6	went	VBD
1524	7	to	IN
1525	8	our	PRP$
1526	9	agricultural	JJ
1527	10	bureau	NN
1528	11	,	,
1529	12	and	CC
1530	13	to	IN
1531	14	our	PRP$
1532	15	municipal	JJ
1533	16	women	NNS
1534	17	's	POS
1535	18	association	NN
1536	19	,	,
1537	20	because	IN
1538	21	most	JJS
1539	22	of	IN
1540	23	the	DT
1541	24	people	NNS
1542	25	attending	VBG
1543	26	the	DT
1544	27	training	NN
1545	28	sessions	NNS
1546	29	were	VBD
1547	30	women	NNS
1548	31	.	.
1549	*
1550	0	When	WRB
1551	1	I	PRP
1552	2	went	VBD
1553	3	to	IN
1554	4	our	PRP$
1555	5	agricultural	JJ
1556	6	bureau	NN
1557	7	,	,
1558	8	I	PRP
1559	9	thought	VBD
1560	10	,	,
1561	11	huh	UH
1562	12	,	,
1563	13	the	DT
1564	14	agricultural	JJ
1565	15	bureau	NN
1566	16	has	VBZ
1567	17	all	PDT
1568	18	those	DT
1569	19	technical	JJ
1570	20	personnel	NNS
1571	21	,	,
1572	22	they	PRP
1573	23	ought	MD
1574	24	to	TO
1575	25	provide	VB
1576	26	services	NNS
1577	27	to	IN
1578	28	the	DT
1579	29	peasants	NNS
1580	30	.	.
1581	*
1582	0	So	RB
1583	1	,	,
1584	2	starting	VBG
1585	3	in	IN
1586	4	'99	DT
1587	5	,	,
1588	6	the	DT
1589	7	municipal	JJ
1590	8	women	NNS
1591	9	's	POS
1592	10	association	NN
1593	11	was	VBD
1594	12	very	RB
1595	13	supportive	JJ
1596	14	of	IN
1597	15	us	PRP
1598	16	,	,
1599	17	and	CC
1600	18	they	PRP
1601	19	liaised	VBD
1602	20	for	IN
1603	21	us	PRP
1604	22	in	IN
1605	23	getting	VBG
1606	24	teachers	NNS
1607	25	from	IN
1608	26	the	DT
1609	27	agricultural	JJ
1610	28	bureau	NN
1611	29	and	CC
1612	30	the	DT
1613	31	water	NN
1614	32	conservancy	NN
1615	33	bureau	NN
1616	34	.	.
1617	*
1618	0	If	IN
1619	1	we	PRP
1620	2	invited	VBD
1621	3	technicians	NNS
1622	4	from	IN
1623	5	our	PRP$
1624	6	Yongji	NNP
1625	7	city	NN
1626	8	,	,
1627	9	it	PRP
1628	10	's	VBZ
1629	11	free	JJ
1630	12	of	IN
1631	13	charge	NN
1632	14	.	.
1633	*
1634	0	Starting	VBG
1635	1	with	IN
1636	2	the	DT
1637	3	technical	JJ
1638	4	training	NN
1639	5	,	,
1640	6	the	DT
1641	7	Yongji	NNP
1642	8	peasant	NN
1643	9	cooperative	JJ
1644	10	organization	NN
1645	11	began	VBD
1646	12	to	TO
1647	13	take	VB
1648	14	shape	NN
1649	15	.	.
1650	*
1651	0	Aside	RB
1652	1	from	IN
1653	2	attening	VBG
1654	3	the	DT
1655	4	classes	NNS
1656	5	,	,
1657	6	the	DT
1658	7	peasants	NNS
1659	8	began	VBD
1660	9	to	TO
1661	10	make	VB
1662	11	demands	NNS
1663	12	of	IN
1664	13	Zheng	NNP
1665	14	Bing	NNP
1666	15	,	,
1667	16	asking	VBG
1668	17	her	PRP
1669	18	to	TO
1670	19	undertake	VB
1671	20	some	DT
1672	21	projects	NNS
1673	22	.	.
1674	*
1675	0	Zheng	JJ
1676	1	Bing	NNP
1677	2	thereupon	RB
1678	3	set	VBD
1679	4	up	RP
1680	5	a	DT
1681	6	poultry	NN
1682	7	-	HYPH
1683	8	raising	VBG
1684	9	project	NN
1685	10	,	,
1686	11	serving	VBG
1687	12	as	IN
1688	13	guarantor	NN
1689	14	for	IN
1690	15	it	PRP
1691	16	;	:
1692	17	she	PRP
1693	18	helped	VBD
1694	19	the	DT
1695	20	peasants	NNS
1696	21	take	VB
1697	22	out	RP
1698	23	a	DT
1699	24	loan	NN
1700	25	from	IN
1701	26	a	DT
1702	27	credit	NN
1703	28	union	NN
1704	29	for	IN
1705	30	150,000	CD
1706	31	to	TO
1707	32	participate	VB
1708	33	in	IN
1709	34	this	DT
1710	35	project	NN
1711	36	.	.
1712	*
1713	0	Did	VBD
1714	1	you	PRP
1715	2	ever	RB
1716	3	think	VB
1717	4	what	WP
1718	5	you	PRP
1719	6	'd	MD
1720	7	do	VB
1721	8	if	IN
1722	9	they	PRP
1723	10	could't	VBP
1724	11	pay	VB
1725	12	off	RP
1726	13	this	DT
1727	14	150,000	CD
1728	15	yuan	NN
1729	16	when	WRB
1730	17	it	PRP
1731	18	came	VBD
1732	19	due	JJ
1733	20	?	.
1734	*
1735	0	Um	UH
1736	1	,	,
1737	2	at	IN
1738	3	the	DT
1739	4	time	NN
1740	5	,	,
1741	6	I	PRP
1742	7	did	VBD
1743	8	n't	RB
1744	9	think	VB
1745	10	about	IN
1746	11	it	PRP
1747	12	;	:
1748	13	probably	RB
1749	14	because	IN
1750	15	I	PRP
1751	16	was	VBD
1752	17	so	RB
1753	18	positive	JJ
1754	19	about	IN
1755	20	it	PRP
1756	21	.	.
1757	*
1758	0	But	CC
1759	1	then	RB
1760	2	it	PRP
1761	3	actually	RB
1762	4	failed	VBD
1763	5	,	,
1764	6	alas	UH
1765	7	!	.
1766	*
1767	0	A	DT
1768	1	year	NN
1769	2	later	RB
1770	3	,	,
1771	4	it	PRP
1772	5	,	,
1773	6	failed	VBD
1774	7	,	,
1775	8	nobody	NN
1776	9	paid	VBD
1777	10	back	RP
1778	11	the	DT
1779	12	money	NN
1780	13	,	,
1781	14	and	CC
1782	15	the	DT
1783	16	credit	NN
1784	17	union	NN
1785	18	came	VBD
1786	19	after	IN
1787	20	us	PRP
1788	21	.	.
1789	*
1790	0	But	CC
1791	1	I	PRP
1792	2	did	VBD
1793	3	n't	RB
1794	4	feel	VB
1795	5	any	DT
1796	6	regret	NN
1797	7	,	,
1798	8	I	PRP
1799	9	looked	VBD
1800	10	for	IN
1801	11	the	DT
1802	12	reasons	NNS
1803	13	.	.
1804	*
1805	0	How	WRB
1806	1	could	MD
1807	2	it	PRP
1808	3	have	VB
1809	4	failed	VBN
1810	5	?	.
1811	*
1812	0	So	RB
1813	1	the	DT
1814	2	150,000	CD
1815	3	yuan	NN
1816	4	,	,
1817	5	the	DT
1818	6	head	NN
1819	7	of	IN
1820	8	the	DT
1821	9	credit	NN
1822	10	union	NN
1823	11	wanted	VBD
1824	12	to	TO
1825	13	take	VB
1826	14	me	PRP
1827	15	to	IN
1828	16	court	NN
1829	17	,	,
1830	18	he	PRP
1831	19	said	VBD
1832	20	,	,
1833	21	I	PRP
1834	22	should	MD
1835	23	pay	VB
1836	24	it	PRP
1837	25	back	RP
1838	26	,	,
1839	27	and	CC
1840	28	I	PRP
1841	29	said	VBD
1842	30	what	WP
1843	31	I	PRP
1844	32	was	VBD
1845	33	responsible	JJ
1846	34	for	IN
1847	35	I	PRP
1848	36	would	MD
1849	37	take	VB
1850	38	care	NN
1851	39	of	IN
1852	40	.	.
1853	*
1854	0	If	IN
1855	1	nobody	NN
1856	2	wanted	VBD
1857	3	to	TO
1858	4	pay	VB
1859	5	it	PRP
1860	6	back	RP
1861	7	,	,
1862	8	I	PRP
1863	9	would	MD
1864	10	gradually	RB
1865	11	pay	VB
1866	12	it	PRP
1867	13	off	RP
1868	14	.	.
1869	*
1870	0	But	CC
1871	1	I	PRP
1872	2	could	MD
1873	3	n't	RB
1874	4	pay	VB
1875	5	it	PRP
1876	6	all	DT
1877	7	back	RP
1878	8	in	IN
1879	9	one	CD
1880	10	year	NN
1881	11	.	.
1882	*
1883	0	Then	RB
1884	1	I	PRP
1885	2	telephoned	VBD
1886	3	him	PRP
1887	4	:	:
1888	5	given	VBN
1889	6	my	PRP$
1890	7	actual	JJ
1891	8	circumstances	NNS
1892	9	,	,
1893	10	if	IN
1894	11	I	PRP
1895	12	pay	VBP
1896	13	it	PRP
1897	14	back	RP
1898	15	in	IN
1899	16	six	CD
1900	17	years	NNS
1901	18	,	,
1902	19	is	VBZ
1903	20	that	DT
1904	21	OK	JJ
1905	22	?	.
1906	*
1907	0	The	DT
1908	1	head	NN
1909	2	of	IN
1910	3	the	DT
1911	4	credit	NN
1912	5	union	NN
1913	6	said	VBD
1914	7	it	PRP
1915	8	was	VBD
1916	9	n't	RB
1917	10	OK	JJ
1918	11	,	,
1919	12	,	,
1920	13	he	PRP
1921	14	wanted	VBD
1922	15	to	TO
1923	16	take	VB
1924	17	me	PRP
1925	18	to	IN
1926	19	court	NN
1927	20	,	,
1928	21	he	PRP
1929	22	wanted	VBD
1930	23	to	TO
1931	24	shut	VB
1932	25	down	RP
1933	26	,	,
1934	27	uh	UH
1935	28	,	,
1936	29	my	PRP$
1937	30	store	NN
1938	31	,	,
1939	32	and	CC
1940	33	even	RB
1941	34	confiscate	VB
1942	35	my	PRP$
1943	36	home	NN
1944	37	.	.
1945	*
1946	0	In	IN
1947	1	a	DT
1948	2	farming	NN
1949	3	village	NN
1950	4	,	,
1951	5	150,000	CD
1952	6	yuan	NN
1953	7	is	VBZ
1954	8	no	DT
1955	9	small	JJ
1956	10	sum	NN
1957	11	.	.
1958	*
1959	0	This	DT
1960	1	burdensome	JJ
1961	2	debt	NN
1962	3	took	VBD
1963	4	Zheng	NNP
1964	5	Bing	NNP
1965	6	's	POS
1966	7	breath	NN
1967	8	away	RB
1968	9	.	.
1969	*
1970	0	Her	PRP
1971	1	husband	NN
1972	2	's	POS
1973	3	not	RB
1974	4	understanding	VBG
1975	5	and	CC
1976	6	blaming	VBG
1977	7	her	PRP
1978	8	added	VBD
1979	9	to	IN
1980	10	Zheng	NNP
1981	11	Bing	NNP
1982	12	's	POS
1983	13	psychological	JJ
1984	14	burden	NN
1985	15	.	.
1986	*
1987	0	With	IN
1988	1	this	DT
1989	2	enormous	JJ
1990	3	,	,
1991	4	difficult	JJ
1992	5	-	HYPH
1993	6	to	TO
1994	7	-	HYPH
1995	8	bear	VB
1996	9	pressure	NN
1997	10	on	IN
1998	11	her	PRP
1999	12	,	,
2000	13	she	PRP
2001	14	did	VBD
2002	15	not	RB
2003	16	understand	VB
2004	17	how	WRB
2005	18	a	DT
2006	19	good	JJ
2007	20	thing	NN
2008	21	could	MD
2009	22	turn	VB
2010	23	out	RP
2011	24	this	DT
2012	25	way	NN
2013	26	,	,
2014	27	and	CC
2015	28	Zheng	NNP
2016	29	Bing	NNP
2017	30	left	VBD
2018	31	home	NN
2019	32	.	.
2020	*
2021	0	But	CC
2022	1	because	IN
2023	2	Zheng	JJ
2024	3	Bing	NN
2025	4	was	VBD
2026	5	the	DT
2027	6	guarantor	NN
2028	7	,	,
2029	8	the	DT
2030	9	credit	NN
2031	10	union	NN
2032	11	still	RB
2033	12	took	VBD
2034	13	Zheng	NNP
2035	14	Bing	NNP
2036	15	to	IN
2037	16	court	NN
2038	17	.	.
2039	*
2040	0	But	CC
2041	1	then	RB
2042	2	how	WRB
2043	3	was	VBD
2044	4	it	PRP
2045	5	that	WDT
2046	6	the	DT
2047	7	credit	NN
2048	8	union	NN
2049	9	let	VBD
2050	10	you	PRP
2051	11	go	VB
2052	12	?	.
2053	*
2054	0	They	PRP
2055	1	did	VBD
2056	2	n't	RB
2057	3	shut	VB
2058	4	down	RP
2059	5	your	PRP$
2060	6	shop	NN
2061	7	again	RB
2062	8	or	CC
2063	9	require	VB
2064	10	you	PRP
2065	11	to	TO
2066	12	mortgage	VB
2067	13	the	DT
2068	14	shop	NN
2069	15	.	.
2070	*
2071	0	At	IN
2072	1	the	DT
2073	2	time	NN
2074	3	they	PRP
2075	4	filed	VBD
2076	5	a	DT
2077	6	lawsuit	NN
2078	7	against	IN
2079	8	me	PRP
2080	9	,	,
2081	10	and	CC
2082	11	the	DT
2083	12	lawyer	NN
2084	13	also	RB
2085	14	came	VBD
2086	15	!	.
2087	*
2088	0	After	IN
2089	1	the	DT
2090	2	lawyer	NN
2091	3	came	VBD
2092	4	,	,
2093	5	he	PRP
2094	6	explained	VBD
2095	7	these	DT
2096	8	things	NNS
2097	9	to	IN
2098	10	me	PRP
2099	11	,	,
2100	12	he	PRP
2101	13	said	VBD
2102	14	,	,
2103	15	the	DT
2104	16	credit	NN
2105	17	union	NN
2106	18	has	VBZ
2107	19	already	RB
2108	20	filed	VBN
2109	21	suit	NN
2110	22	against	IN
2111	23	you	PRP
2112	24	.	.
2113	*
2114	0	I	PRP
2115	1	said	VBD
2116	2	,	,
2117	3	well	UH
2118	4	then	RB
2119	5	I	PRP
2120	6	still	RB
2121	7	can	MD
2122	8	not	RB
2123	9	help	VB
2124	10	with	IN
2125	11	it	PRP
2126	12	.	.
2127	*
2128	0	The	DT
2129	1	lawyer	NN
2130	2	asked	VBD
2131	3	me	PRP
2132	4	,	,
2133	5	from	IN
2134	6	A	NN
2135	7	to	IN
2136	8	Z	NN
2137	9	,	,
2138	10	what	WP
2139	11	happened	VBD
2140	12	?	.
2141	*
2142	0	So	RB
2143	1	I	PRP
2144	2	explained	VBD
2145	3	it	PRP
2146	4	all	DT
2147	5	faithfully	RB
2148	6	.	.
2149	*
2150	0	After	IN
2151	1	I	PRP
2152	2	explained	VBD
2153	3	it	PRP
2154	4	,	,
2155	5	the	DT
2156	6	lawyer	NN
2157	7	looked	VBD
2158	8	all	RB
2159	9	astonished	JJ
2160	10	.	.
2161	*
2162	0	He	PRP
2163	1	said	VBD
2164	2	,	,
2165	3	I	PRP
2166	4	'll	MD
2167	5	go	VB
2168	6	see	VB
2169	7	the	DT
2170	8	credit	NN
2171	9	union	NN
2172	10	,	,
2173	11	and	CC
2174	12	-LRB-	-LRB-
2175	13	ask	VBP
2176	14	them	PRP
2177	15	-RRB-	-RRB-
2178	16	not	RB
2179	17	to	TO
2180	18	file	VB
2181	19	a	DT
2182	20	lawsuit	NN
2183	21	.	.
2184	*
2185	0	So	RB
2186	1	the	DT
2187	2	lawyer	NN
2188	3	sorted	VBD
2189	4	it	PRP
2190	5	all	DT
2191	6	out	RP
2192	7	.	.
2193	*
2194	0	So	RB
2195	1	after	IN
2196	2	the	DT
2197	3	lawyer	NN
2198	4	arranged	VBD
2199	5	it	PRP
2200	6	all	DT
2201	7	,	,
2202	8	the	DT
2203	9	head	NN
2204	10	of	IN
2205	11	the	DT
2206	12	credit	NN
2207	13	union	NN
2208	14	said	VBD
2209	15	,	,
2210	16	finally	RB
2211	17	we	PRP
2212	18	've	VBP
2213	19	reached	VBN
2214	20	an	DT
2215	21	agreement	NN
2216	22	,	,
2217	23	and	CC
2218	24	you	PRP
2219	25	can	MD
2220	26	pay	VB
2221	27	it	PRP
2222	28	back	RP
2223	29	over	IN
2224	30	six	CD
2225	31	years	NNS
2226	32	.	.
2227	*
2228	0	So	RB
2229	1	as	IN
2230	2	of	IN
2231	3	right	RB
2232	4	now	RB
2233	5	,	,
2234	6	I	PRP
2235	7	still	RB
2236	8	have	VBP
2237	9	65,000	CD
2238	10	yuan	NN
2239	11	to	TO
2240	12	pay	VB
2241	13	.	.
2242	*
2243	0	So	CC
2244	1	next	JJ
2245	2	year	NN
2246	3	when	WRB
2247	4	the	DT
2248	5	time	NN
2249	6	expires	VBZ
2250	7	,	,
2251	8	will	MD
2252	9	you	PRP
2253	10	be	VB
2254	11	able	JJ
2255	12	to	TO
2256	13	pay	VB
2257	14	off	RP
2258	15	this	DT
2259	16	65,000	CD
2260	17	yuan	NN
2261	18	?	.
2262	*
2263	0	65,000	CD
2264	1	yuan	NN
2265	2	from	IN
2266	3	the	DT
2267	4	start	NN
2268	5	,	,
2269	6	,	,
2270	7	if	IN
2271	8	I	PRP
2272	9	do	VBP
2273	10	n't	RB
2274	11	provide	VB
2275	12	any	DT
2276	13	more	JJR
2277	14	services	NNS
2278	15	to	IN
2279	16	the	DT
2280	17	peasants	NNS
2281	18	,	,
2282	19	I	PRP
2283	20	can	MD
2284	21	pay	VB
2285	22	it	PRP
2286	23	off	RP
2287	24	.	.
2288	*
2289	0	But	CC
2290	1	the	DT
2291	2	peasants	NNS
2292	3	need	VBP
2293	4	lots	NNS
2294	5	of	IN
2295	6	services	NNS
2296	7	.	.
2297	*
2298	0	Ho	UH
2299	1	!	.
2300	*
2301	0	There	EX
2302	1	's	VBZ
2303	2	no	DT
2304	3	way	NN
2305	4	to	TO
2306	5	stop	VB
2307	6	it	PRP
2308	7	.	.
2309	*
2310	0	So	RB
2311	1	,	,
2312	2	I	PRP
2313	3	discussed	VBD
2314	4	it	PRP
2315	5	with	IN
2316	6	the	DT
2317	7	credit	NN
2318	8	union	NN
2319	9	.	.
2320	*
2321	0	They	PRP
2322	1	'll	MD
2323	2	defer	VB
2324	3	the	DT
2325	4	interest	NN
2326	5	for	IN
2327	6	each	DT
2328	7	year	NN
2329	8	.	.
2330	*
2331	0	Each	DT
2332	1	year	NN
2333	2	I	PRP
2334	3	'll	MD
2335	4	give	VB
2336	5	them	PRP
2337	6	the	DT
2338	7	interest	NN
2339	8	.	.
2340	*
2341	0	Then	RB
2342	1	they	PRP
2343	2	can	MD
2344	3	push	VB
2345	4	the	DT
2346	5	six	CD
2347	6	years	NNS
2348	7	back	RP
2349	8	again	RB
2350	9	.	.
2351	*
2352	0	But	CC
2353	1	it	PRP
2354	2	's	VBZ
2355	3	good	JJ
2356	4	that	IN
2357	5	they	PRP
2358	6	can	MD
2359	7	understand	VB
2360	8	and	CC
2361	9	agree	VB
2362	10	to	TO
2363	11	do	VB
2364	12	it	PRP
2365	13	this	DT
2366	14	way	NN
2367	15	.	.
2368	*
2369	0	Yow	UH
2370	1	!	,
2371	2	Do	VBP
2372	3	n't	RB
2373	4	shoot	VB
2374	5	,	,
2375	6	do	VBP
2376	7	n't	RB
2377	8	shoot	VB
2378	9	-LRB-	-LRB-
2379	10	the	DT
2380	11	film	NN
2381	12	of	IN
2382	13	-RRB-	-RRB-
2383	14	me	PRP
2384	15	,	,
2385	16	I	PRP
2386	17	do	VBP
2387	18	n't	RB
2388	19	cry	VB
2389	20	.	.
2390	*
2391	0	Originally	RB
2392	1	I	PRP
2393	2	was	VBD
2394	3	thinking	VBG
2395	4	I	PRP
2396	5	'd	MD
2397	6	help	VB
2398	7	the	DT
2399	8	peasants	NNS
2400	9	to	TO
2401	10	raise	VB
2402	11	their	PRP$
2403	12	incomes	NNS
2404	13	,	,
2405	14	but	CC
2406	15	because	IN
2407	16	of	IN
2408	17	that	DT
2409	18	I	PRP
2410	19	took	VBD
2411	20	on	RP
2412	21	a	DT
2413	22	debt	NN
2414	23	of	IN
2415	24	150,000	CD
2416	25	yuan	NN
2417	26	,	,
2418	27	and	CC
2419	28	I	PRP
2420	29	got	VBD
2421	30	taken	VBN
2422	31	to	IN
2423	32	court	NN
2424	33	.	.
2425	*
2426	0	In	IN
2427	1	1999	CD
2428	2	Zheng	NNP
2429	3	Bing	NNP
2430	4	quit	VBD
2431	5	her	PRP$
2432	6	job	NN
2433	7	as	IN
2434	8	a	DT
2435	9	teacher	NN
2436	10	.	.
2437	*
2438	0	However	RB
2439	1	,	,
2440	2	in	IN
2441	3	running	VBG
2442	4	the	DT
2443	5	fertilizer	NN
2444	6	store	NN
2445	7	,	,
2446	8	she	PRP
2447	9	often	RB
2448	10	gave	VBD
2449	11	credit	NN
2450	12	to	IN
2451	13	poor	JJ
2452	14	peasants	NNS
2453	15	,	,
2454	16	which	WDT
2455	17	made	VBD
2456	18	her	PRP
2457	19	to	TO
2458	20	have	VB
2459	21	110,000	CD
2460	22	yuan	NN
2461	23	of	IN
2462	24	credit	NN
2463	25	could	MD
2464	26	not	RB
2465	27	be	VB
2466	28	collected	VBN
2467	29	.	.
2468	*
2469	0	Zheng	NNP
2470	1	Bing	NNP
2471	2	thought	VBD
2472	3	of	IN
2473	4	a	DT
2474	5	way	NN
2475	6	to	TO
2476	7	resolve	VB
2477	8	this	DT
2478	9	problem	NN
2479	10	,	,
2480	11	but	CC
2481	12	she	PRP
2482	13	absolutely	RB
2483	14	never	RB
2484	15	imagined	VBD
2485	16	that	IN
2486	17	because	IN
2487	18	of	IN
2488	19	it	PRP
2489	20	she	PRP
2490	21	would	MD
2491	22	nearly	RB
2492	23	end	VB
2493	24	up	RP
2494	25	in	IN
2495	26	prison	NN
2496	27	.	.
2497	*
2498	0	Selling	VBG
2499	1	to	IN
2500	2	them	PRP
2501	3	on	IN
2502	4	credit	NN
2503	5	like	IN
2504	6	that	DT
2505	7	,	,
2506	8	were	VBD
2507	9	n't	RB
2508	10	you	PRP
2509	11	concerned	JJ
2510	12	that	IN
2511	13	you	PRP
2512	14	would	MD
2513	15	n't	RB
2514	16	be	VB
2515	17	able	JJ
2516	18	to	TO
2517	19	get	VB
2518	20	the	DT
2519	21	money	NN
2520	22	back	RP
2521	23	in	IN
2522	24	the	DT
2523	25	future	NN
2524	26	?	.
2525	*
2526	0	Ho	UH
2527	1	!	,
2528	2	If	IN
2529	3	I	PRP
2530	4	could	MD
2531	5	not	RB
2532	6	collect	VB
2533	7	on	IN
2534	8	that	DT
2535	9	big	JJ
2536	10	amount	NN
2537	11	,	,
2538	12	I	PRP
2539	13	was	VBD
2540	14	thinking	VBG
2541	15	how	WRB
2542	16	will	MD
2543	17	I	PRP
2544	18	be	VB
2545	19	able	JJ
2546	20	to	TO
2547	21	give	VB
2548	22	the	DT
2549	23	peasants	NNS
2550	24	credit	NN
2551	25	to	TO
2552	26	solve	VB
2553	27	the	DT
2554	28	peasants	NNS
2555	29	'	POS
2556	30	real	JJ
2557	31	problems	NNS
2558	32	?	.
2559	*
2560	0	And	CC
2561	1	how	WRB
2562	2	could	MD
2563	3	I	PRP
2564	4	keep	VB
2565	5	this	DT
2566	6	from	IN
2567	7	having	VBG
2568	8	a	DT
2569	9	negative	JJ
2570	10	impact	NN
2571	11	?	.
2572	*
2573	0	I	PRP
2574	1	discovered	VBD
2575	2	that	IN
2576	3	peasants	NNS
2577	4	are	VBP
2578	5	not	RB
2579	6	entirely	RB
2580	7	having	VBG
2581	8	no	DT
2582	9	money	NN
2583	10	.	.
2584	*
2585	0	So	RB
2586	1	then	RB
2587	2	,	,
2588	3	I	PRP
2589	4	was	VBD
2590	5	thinking	VBG
2591	6	,	,
2592	7	could	MD
2593	8	n't	RB
2594	9	the	DT
2595	10	peasants	NNS
2596	11	join	VB
2597	12	up	RP
2598	13	with	IN
2599	14	us	PRP
2600	15	in	IN
2601	16	this	DT
2602	17	fertilizer	NN
2603	18	store	NN
2604	19	by	IN
2605	20	becoming	VBG
2606	21	shareholders	NNS
2607	22	?	.
2608	*
2609	0	Given	VBN
2610	1	the	DT
2611	2	seasonal	JJ
2612	3	nature	NN
2613	4	of	IN
2614	5	peasant	NN
2615	6	income	NN
2616	7	,	,
2617	8	they	PRP
2618	9	'd	MD
2619	10	have	VB
2620	11	to	TO
2621	12	invest	VB
2622	13	about	RB
2623	14	50	CD
2624	15	yuan	NN
2625	16	each	DT
2626	17	time	NN
2627	18	.	.
2628	*
2629	0	So	RB
2630	1	then	RB
2631	2	,	,
2632	3	in	IN
2633	4	practice	NN
2634	5	,	,
2635	6	I	PRP
2636	7	let	VBP
2637	8	the	DT
2638	9	peasants	NNS
2639	10	invest	VB
2640	11	50	CD
2641	12	yuan	NN
2642	13	for	IN
2643	14	each	DT
2644	15	mu	NN
2645	16	of	IN
2646	17	land	NN
2647	18	,	,
2648	19	invest	VB
2649	20	,	,
2650	21	50	CD
2651	22	yuan	NN
2652	23	.	.
2653	*
2654	0	Then	RB
2655	1	,	,
2656	2	after	IN
2657	3	you	PRP
2658	4	've	VBP
2659	5	become	VBN
2660	6	a	DT
2661	7	shareholder	NN
2662	8	,	,
2663	9	you	PRP
2664	10	can	MD
2665	11	come	VB
2666	12	at	IN
2667	13	any	DT
2668	14	time	NN
2669	15	to	TO
2670	16	get	VB
2671	17	fertilizer	NN
2672	18	.	.
2673	*
2674	0	Then	RB
2675	1	,	,
2676	2	at	IN
2677	3	the	DT
2678	4	end	NN
2679	5	of	IN
2680	6	the	DT
2681	7	year	NN
2682	8	,	,
2683	9	,	,
2684	10	we	PRP
2685	11	'll	MD
2686	12	settle	VB
2687	13	up	RP
2688	14	the	DT
2689	15	differences	NNS
2690	16	.	.
2691	*
2692	0	And	CC
2693	1	the	DT
2694	2	amount	NN
2695	3	you	PRP
2696	4	invested	VBD
2697	5	,	,
2698	6	if	IN
2699	7	you	PRP
2700	8	've	VBP
2701	9	invested	VBN
2702	10	,	,
2703	11	then	RB
2704	12	we	PRP
2705	13	'll	MD
2706	14	take	VB
2707	15	your	PRP$
2708	16	money	NN
2709	17	and	CC
2710	18	buy	VB
2711	19	fertilizer	NN
2712	20	,	,
2713	21	sell	VB
2714	22	fertilizer	NN
2715	23	.	.
2716	*
2717	0	That	RB
2718	1	is	RB
2719	2	,	,
2720	3	the	DT
2721	4	peasants	NNS
2722	5	bring	VBP
2723	6	in	RB
2724	7	their	PRP$
2725	8	own	JJ
2726	9	,	,
2727	10	and	CC
2728	11	our	PRP$
2729	12	store	NN
2730	13	will	MD
2731	14	take	VB
2732	15	the	DT
2733	16	peasants	NNS
2734	17	'	POS
2735	18	money	NN
2736	19	and	CC
2737	20	run	VB
2738	21	,	,
2739	22	the	DT
2740	23	fertilizer	NN
2741	24	store	NN
2742	25	.	.
2743	*
2744	0	And	CC
2745	1	was	VBD
2746	2	n't	RB
2747	3	there	EX
2748	4	anyone	NN
2749	5	who	WP
2750	6	said	VBD
2751	7	to	IN
2752	8	you	PRP
2753	9	that	IN
2754	10	this	DT
2755	11	approach	NN
2756	12	may	MD
2757	13	have	VB
2758	14	been	VBN
2759	15	considered	VBN
2760	16	an	DT
2761	17	illegal	JJ
2762	18	way	NN
2763	19	of	IN
2764	20	raising	VBG
2765	21	capital	NN
2766	22	?	.
2767	*
2768	0	Yes	UH
2769	1	,	,
2770	2	and	CC
2771	3	I	PRP
2772	4	thought	VBD
2773	5	,	,
2774	6	this	DT
2775	7	village	NN
2776	8	,	,
2777	9	how	WRB
2778	10	come	VB
2779	11	good	JJ
2780	12	things	NNS
2781	13	are	VBP
2782	14	so	RB
2783	15	difficult	JJ
2784	16	to	TO
2785	17	do	VB
2786	18	?	.
2787	*
2788	0	The	DT
2789	1	first	JJ
2790	2	year	NN
2791	3	I	PRP
2792	4	did	VBD
2793	5	uh	UH
2794	6	,	,
2795	7	eight	CD
2796	8	;	:
2797	9	in	IN
2798	10	our	PRP$
2799	11	village	NN
2800	12	I	PRP
2801	13	did	VBD
2802	14	20	CD
2803	15	households	NNS
2804	16	.	.
2805	*
2806	0	It	PRP
2807	1	had	VBD
2808	2	no	DT
2809	3	impact	NN
2810	4	.	.
2811	*
2812	0	By	IN
2813	1	the	DT
2814	2	second	JJ
2815	3	year	NN
2816	4	,	,
2817	5	I	PRP
2818	6	began	VBD
2819	7	to	TO
2820	8	really	RB
2821	9	deal	VB
2822	10	with	IN
2823	11	everybody	NN
2824	12	,	,
2825	13	and	CC
2826	14	they	PRP
2827	15	all	DT
2828	16	knew	VBD
2829	17	,	,
2830	18	and	CC
2831	19	I	PRP
2832	20	made	VBD
2833	21	it	PRP
2834	22	public	JJ
2835	23	.	.
2836	*
2837	0	Good	JJ
2838	1	grief	NN
2839	2	!	,
2840	3	At	IN
2841	4	first	RB
2842	5	,	,
2843	6	,	,
2844	7	that	DT
2845	8	credit	NN
2846	9	union	NN
2847	10	,	,
2848	11	Good	JJ
2849	12	grief	NN
2850	13	!	,
2851	14	That	DT
2852	15	service	NN
2853	16	,	,
2854	17	everywhere	RB
2855	18	they	PRP
2856	19	were	VBD
2857	20	saying	VBG
2858	21	Zheng	NNP
2859	22	Bing	NNP
2860	23	is	VBZ
2861	24	raising	VBG
2862	25	capital	NN
2863	26	illegally	RB
2864	27	.	.
2865	*
2866	0	Look	VB
2867	1	,	,
2868	2	she	PRP
2869	3	's	VBZ
2870	4	cheating	VBG
2871	5	you	PRP
2872	6	out	IN
2873	7	of	IN
2874	8	your	PRP$
2875	9	money	NN
2876	10	!	.
2877	*
2878	0	If	IN
2879	1	she	PRP
2880	2	could	MD
2881	3	cheat	VB
2882	4	you	PRP
2883	5	out	IN
2884	6	of	IN
2885	7	several	JJ
2886	8	tens	NNS
2887	9	of	IN
2888	10	thousands	NNS
2889	11	and	CC
2890	12	then	RB
2891	13	she	PRP
2892	14	could	MD
2893	15	leave	VB
2894	16	the	DT
2895	17	country	NN
2896	18	!	.
2897	*
2898	0	These	DT
2899	1	things	NNS
2900	2	really	RB
2901	3	shook	VBD
2902	4	up	RP
2903	5	our	PRP$
2904	6	government	NN
2905	7	.	.
2906	*
2907	0	Our	PRP$
2908	1	people	NNS
2909	2	's	POS
2910	3	bank	NN
2911	4	,	,
2912	5	our	PRP$
2913	6	association	NN
2914	7	,	,
2915	8	they	PRP
2916	9	all	DT
2917	10	came	VBD
2918	11	.	.
2919	*
2920	0	After	IN
2921	1	they	PRP
2922	2	all	DT
2923	3	came	VBD
2924	4	,	,
2925	5	they	PRP
2926	6	said	VBD
2927	7	to	IN
2928	8	me	PRP
2929	9	,	,
2930	10	Zheng	NNP
2931	11	Bing	NNP
2932	12	,	,
2933	13	we	PRP
2934	14	need	VBP
2935	15	to	TO
2936	16	investigate	VB
2937	17	your	PRP$
2938	18	business	NN
2939	19	.	.
2940	*
2941	0	I	PRP
2942	1	said	VBD
2943	2	,	,
2944	3	why	WRB
2945	4	do	VBP
2946	5	you	PRP
2947	6	need	VB
2948	7	to	TO
2949	8	investigate	VB
2950	9	?	.
2951	*
2952	0	They	PRP
2953	1	said	VBD
2954	2	,	,
2955	3	we	PRP
2956	4	hear	VBP
2957	5	that	IN
2958	6	you	PRP
2959	7	're	VBP
2960	8	raising	VBG
2961	9	capital	NN
2962	10	illegally	RB
2963	11	.	.
2964	*
2965	0	Because	IN
2966	1	there	RB
2967	2	,	,
2968	3	leaders	NNS
2969	4	of	IN
2970	5	different	JJ
2971	6	sectors	NNS
2972	7	from	IN
2973	8	our	PRP$
2974	9	city	NN
2975	10	,	,
2976	11	they	PRP
2977	12	all	DT
2978	13	came	VBD
2979	14	here	RB
2980	15	to	IN
2981	16	us	PRP
2982	17	.	.
2983	*
2984	0	When	WRB
2985	1	they	PRP
2986	2	said	VBD
2987	3	illegally	RB
2988	4	raising	VBG
2989	5	capital	NN
2990	6	,	,
2991	7	I	PRP
2992	8	was	VBD
2993	9	startled	JJ
2994	10	.	.
2995	*
2996	0	I	PRP
2997	1	said	VBD
2998	2	,	,
2999	3	if	IN
3000	4	it	PRP
3001	5	's	VBZ
3002	6	raising	VBG
3003	7	capital	NN
3004	8	illegally	RB
3005	9	,	,
3006	10	I	PRP
3007	11	'll	MD
3008	12	shut	VB
3009	13	down	RP
3010	14	right	RB
3011	15	away	RB
3012	16	,	,
3013	17	I	PRP
3014	18	wo	MD
3015	19	n't	RB
3016	20	do	VB
3017	21	it	PRP
3018	22	anymore	RB
3019	23	.	.
3020	*
3021	0	An	DT
3022	1	accusation	NN
3023	2	of	IN
3024	3	raising	VBG
3025	4	capital	NN
3026	5	illegally	RB
3027	6	is	VBZ
3028	7	not	RB
3029	8	a	DT
3030	9	small	JJ
3031	10	matter	NN
3032	11	.	.
3033	*
3034	0	The	DT
3035	1	bank	NN
3036	2	investigated	VBD
3037	3	the	DT
3038	4	matter	NN
3039	5	,	,
3040	*
3041	0	later	RB
3042	1	it	PRP
3043	2	was	VBD
3044	3	persuaded	VBN
3045	4	and	CC
3046	5	prevented	VBN
3047	6	by	IN
3048	7	the	DT
3049	8	city	NN
3050	9	of	IN
3051	10	Yongji	NNP
3052	11	.	.
3053	*
3054	0	Therefore	RB
3055	1	Zheng	NNP
3056	2	Bing	NNP
3057	3	,	,
3058	4	fed	JJ
3059	5	up	JJ
3060	6	with	IN
3061	7	scare	NN
3062	8	,	,
3063	9	even	RB
3064	10	though	IN
3065	11	she	PRP
3066	12	was	VBD
3067	13	convinced	VBN
3068	14	that	IN
3069	15	she	PRP
3070	16	should	MD
3071	17	give	VB
3072	18	up	RP
3073	19	,	,
3074	20	she	PRP
3075	21	was	VBD
3076	22	really	RB
3077	23	unwilling	JJ
3078	24	.	.
3079	*
3080	0	After	IN
3081	1	thorough	JJ
3082	2	consideration	NN
3083	3	,	,
3084	4	Zheng	NNP
3085	5	Bing	NNP
3086	6	made	VBD
3087	7	a	DT
3088	8	surprising	JJ
3089	9	decision	NN
3090	10	;	:
3091	11	she	PRP
3092	12	donated	VBD
3093	13	the	DT
3094	14	fertilizer	NN
3095	15	store	NN
3096	16	,	,
3097	17	with	IN
3098	18	all	DT
3099	19	of	IN
3100	20	the	DT
3101	21	profits	NNS
3102	22	going	VBG
3103	23	to	TO
3104	24	pay	VB
3105	25	the	DT
3106	26	activity	NN
3107	27	expenses	NNS
3108	28	of	IN
3109	29	the	DT
3110	30	peasant	NN
3111	31	association	NN
3112	32	.	.
3113	*
3114	0	Essentially	RB
3115	1	this	DT
3116	2	fertilizer	NN
3117	3	store	NN
3118	4	enabled	VBD
3119	5	your	PRP$
3120	6	family	NN
3121	7	to	TO
3122	8	earn	VB
3123	9	money	NN
3124	10	;	:
3125	11	why	WRB
3126	12	did	VBD
3127	13	you	PRP
3128	14	want	VB
3129	15	to	TO
3130	16	give	VB
3131	17	it	PRP
3132	18	away	RB
3133	19	?	.
3134	*
3135	0	Because	IN
3136	1	at	IN
3137	2	the	DT
3138	3	time	NN
3139	4	everybody	NN
3140	5	had	VBD
3141	6	become	VBN
3142	7	a	DT
3143	8	shareholder	NN
3144	9	,	,
3145	10	and	CC
3146	11	once	IN
3147	12	they	PRP
3148	13	had	VBD
3149	14	,	,
3150	15	it	PRP
3151	16	was	VBD
3152	17	everybody	NN
3153	18	's	POS
3154	19	business	NN
3155	20	.	.
3156	*
3157	0	You	PRP
3158	1	ca	MD
3159	2	n't	RB
3160	3	take	VB
3161	4	everybody	NN
3162	5	's	POS
3163	6	business	NN
3164	7	and	CC
3165	8	run	VB
3166	9	it	PRP
3167	10	as	IN
3168	11	your	PRP$
3169	12	own	JJ
3170	13	,	,
3171	14	to	TO
3172	15	make	VB
3173	16	money	NN
3174	17	for	IN
3175	18	yourself	PRP
3176	19	.	.
3177	*
3178	0	So	RB
3179	1	at	IN
3180	2	the	DT
3181	3	time	NN
3182	4	I	PRP
3183	5	told	VBD
3184	6	my	PRP$
3185	7	husband	NN
3186	8	about	IN
3187	9	this	DT
3188	10	,	,
3189	11	and	CC
3190	12	my	PRP$
3191	13	husband	NN
3192	14	,	,
3193	15	he	PRP
3194	16	did	VBD
3195	17	n't	RB
3196	18	agree	VB
3197	19	.	.
3198	*
3199	0	Then	RB
3200	1	do	VBP
3201	2	n't	RB
3202	3	let	VB
3203	4	everybody	NN
3204	5	become	VB
3205	6	a	DT
3206	7	shareholder	NN
3207	8	.	.
3208	*
3209	0	Do	VBP
3210	1	n't	RB
3211	2	let	VB
3212	3	them	PRP
3213	4	become	VB
3214	5	shareholders	NNS
3215	6	,	,
3216	7	then	RB
3217	8	we	PRP
3218	9	'll	MD
3219	10	,	,
3220	11	be	VB
3221	12	able	JJ
3222	13	to	TO
3223	14	loan	VB
3224	15	the	DT
3225	16	money	NN
3226	17	and	CC
3227	18	get	VB
3228	19	the	DT
3229	20	business	NN
3230	21	going	VBG
3231	22	.	.
3232	*
3233	0	Oh	UH
3234	1	!	,
3235	2	But	CC
3236	3	I	PRP
3237	4	felt	VBD
3238	5	,	,
3239	6	the	DT
3240	7	peasants	NNS
3241	8	,	,
3242	9	they	PRP
3243	10	need	VBP
3244	11	this	DT
3245	12	kind	NN
3246	13	of	IN
3247	14	service	NN
3248	15	.	.
3249	*
3250	0	Who	WP
3251	1	would	MD
3252	2	have	VB
3253	3	guessed	VBN
3254	4	that	IN
3255	5	my	PRP$
3256	6	husband	NN
3257	7	would	MD
3258	8	be	VB
3259	9	strongly	RB
3260	10	opposed	VBN
3261	11	.	.
3262	*
3263	0	I	PRP
3264	1	worked	VBD
3265	2	with	IN
3266	3	him	PRP
3267	4	again	RB
3268	5	and	CC
3269	6	again	RB
3270	7	.	.
3271	*
3272	0	Finally	RB
3273	1	,	,
3274	2	he	PRP
3275	3	agreed	VBD
3276	4	.	.
3277	*
3278	0	Since	IN
3279	1	then	RB
3280	2	,	,
3281	3	no	DT
3282	4	one	NN
3283	5	is	VBZ
3284	6	saying	VBG
3285	7	anymore	RB
3286	8	that	IN
3287	9	she	PRP
3288	10	is	VBZ
3289	11	raising	VBG
3290	12	capital	NN
3291	13	illegally	RB
3292	14	.	.
3293	*
3294	0	Bing	NNP
3295	1	Zheng	NNP
3296	2	,	,
3297	3	who	WP
3298	4	sacrificed	VBD
3299	5	her	PRP$
3300	6	own	JJ
3301	7	profits	NNS
3302	8	,	,
3303	9	gradually	RB
3304	10	got	VBD
3305	11	the	DT
3306	12	peasant	NN
3307	13	association	NN
3308	14	working	VBG
3309	15	better	RBR
3310	16	and	CC
3311	17	better	RBR
3312	18	.	.
3313	*
3314	0	And	CC
3315	1	a	DT
3316	2	thing	NN
3317	3	that	WDT
3318	4	came	VBD
3319	5	next	RB
3320	6	made	VBD
3321	7	the	DT
3322	8	villagers	NNS
3323	9	not	RB
3324	10	only	RB
3325	11	see	VB
3326	12	that	IN
3327	13	Zheng	NNP
3328	14	Bing	NNP
3329	15	had	VBD
3330	16	a	DT
3331	17	spirit	NN
3332	18	of	IN
3333	19	sacrifice	NN
3334	20	,	,
3335	21	but	CC
3336	22	her	PRP$
3337	23	organizing	NN
3338	24	skills	NNS
3339	25	also	RB
3340	26	could	MD
3341	27	instill	VB
3342	28	confidence	NN
3343	29	in	IN
3344	30	people	NNS
3345	31	.	.
3346	*
3347	0	In	IN
3348	1	organizing	VBG
3349	2	the	DT
3350	3	village	NN
3351	4	women	NNS
3352	5	,	,
3353	6	how	WRB
3354	7	did	VBD
3355	8	the	DT
3356	9	dancing	NN
3357	10	part	NN
3358	11	come	VB
3359	12	about	RP
3360	13	?	.
3361	*
3362	0	I	PRP
3363	1	said	VBD
3364	2	why	WRB
3365	3	could	MD
3366	4	n't	RB
3367	5	it	PRP
3368	6	be	VB
3369	7	,	,
3370	8	like	IN
3371	9	the	DT
3372	10	women	NNS
3373	11	in	IN
3374	12	the	DT
3375	13	city	NN
3376	14	,	,
3377	15	dancing	VBG
3378	16	in	IN
3379	17	the	DT
3380	18	summer	NN
3381	19	.	.
3382	*
3383	0	They	PRP
3384	1	said	VBD
3385	2	what	WP
3386	3	?	,
3387	4	How	WRB
3388	5	can	MD
3389	6	we	PRP
3390	7	be	VB
3391	8	compared	VBN
3392	9	to	IN
3393	10	the	DT
3394	11	city	NN
3395	12	?	.
3396	*
3397	0	I	PRP
3398	1	said	VBD
3399	2	,	,
3400	3	why	WRB
3401	4	ca	MD
3402	5	n't	RB
3403	6	we	PRP
3404	7	be	VB
3405	8	compared	VBN
3406	9	to	IN
3407	10	the	DT
3408	11	city	NN
3409	12	?	.
3410	*
3411	0	That	DT
3412	1	day	NN
3413	2	I	PRP
3414	3	went	VBD
3415	4	,	,
3416	5	to	IN
3417	6	the	DT
3418	7	women	NNS
3419	8	's	POS
3420	9	association	NN
3421	10	,	,
3422	11	The	DT
3423	12	women	NNS
3424	13	's	POS
3425	14	association	NN
3426	15	gave	VBD
3427	16	us	PRP
3428	17	that	DT
3429	18	,	,
3430	19	our	PRP$
3431	20	Yongji	NNP
3432	21	,	,
3433	22	invited	VBD
3434	23	teachers	NNS
3435	24	from	IN
3436	25	the	DT
3437	26	Chunlei	NNP
3438	27	kindergarten	NN
3439	28	.	.
3440	*
3441	0	Wow	UH
3442	1	!	.
3443	*
3444	0	That	DT
3445	1	first	JJ
3446	2	time	NN
3447	3	,	,
3448	4	the	DT
3449	5	first	JJ
3450	6	afternoon	NN
3451	7	,	,
3452	8	We	PRP
3453	9	first	RB
3454	10	got	VBD
3455	11	together	RP
3456	12	20	CD
3457	13	-	HYPH
3458	14	some	DT
3459	15	women	NNS
3460	16	in	IN
3461	17	our	PRP$
3462	18	village	NN
3463	19	to	TO
3464	20	dance	VB
3465	21	.	.
3466	*
3467	0	That	DT
3468	1	afternoon	NN
3469	2	we	PRP
3470	3	basically	RB
3471	4	did	VBD
3472	5	n't	RB
3473	6	dance	VB
3474	7	a	DT
3475	8	step	NN
3476	9	,	,
3477	*
3478	0	We	PRP
3479	1	laughed	VBD
3480	2	all	DT
3481	3	afternoon	NN
3482	4	.	.
3483	*
3484	0	Laughed	VBD
3485	1	at	IN
3486	2	what	WP
3487	3	?	.
3488	*
3489	0	They	PRP
3490	1	were	VBD
3491	2	embarrassed	JJ
3492	3	!	.
3493	*
3494	0	Hah	UH
3495	1	!	.
3496	*
3497	0	,	,
3498	1	how	WRB
3499	2	can	MD
3500	3	we	PRP
3501	4	dance	VB
3502	5	!	.
3503	*
3504	0	Because	IN
3505	1	at	IN
3506	2	the	DT
3507	3	time	NN
3508	4	,	,
3509	5	in	IN
3510	6	the	DT
3511	7	courtyard	NN
3512	8	of	IN
3513	9	our	PRP$
3514	10	home	NN
3515	11	,	,
3516	12	The	DT
3517	13	teacher	NN
3518	14	was	VBD
3519	15	,	,
3520	16	extremely	RB
3521	17	conscientious	JJ
3522	18	,	,
3523	19	and	CC
3524	20	they	PRP
3525	21	were	VBD
3526	22	all	DT
3527	23	laughing	VBG
3528	24	hard	RB
3529	25	.	.
3530	*
3531	0	The	DT
3532	1	whole	JJ
3533	2	afternoon	NN
3534	3	,	,
3535	4	we	PRP
3536	5	did	VBD
3537	6	n't	RB
3538	7	learn	VB
3539	8	a	DT
3540	9	single	JJ
3541	10	step	NN
3542	11	.	.
3543	*
3544	0	But	CC
3545	1	I	PRP
3546	2	saw	VBD
3547	3	that	IN
3548	4	they	PRP
3549	5	were	VBD
3550	6	so	RB
3551	7	,	,
3552	8	that	DT
3553	9	kind	NN
3554	10	,	,
3555	11	excited	JJ
3556	12	,	,
3557	13	and	CC
3558	14	I	PRP
3559	15	felt	VBD
3560	16	,	,
3561	17	maybe	RB
3562	18	this	DT
3563	19	is	VBZ
3564	20	the	DT
3565	21	beginning	NN
3566	22	of	IN
3567	23	a	DT
3568	24	new	JJ
3569	25	life	NN
3570	26	.	.
3571	*
3572	0	So	RB
3573	1	I	PRP
3574	2	persisted	VBD
3575	3	.	.
3576	*
3577	0	I	PRP
3578	1	persisted	VBD
3579	2	for	IN
3580	3	a	DT
3581	4	month	NN
3582	5	.	.
3583	*
3584	0	Just	RB
3585	1	imagine	VB
3586	2	,	,
3587	3	80	CD
3588	4	%	NN
3589	5	of	IN
3590	6	our	PRP$
3591	7	village	NN
3592	8	,	,
3593	9	that	RB
3594	10	is	RB
3595	11	120	CD
3596	12	women	NNS
3597	13	joined	VBD
3598	14	in	RP
3599	15	.	.
3600	*
3601	0	After	IN
3602	1	a	DT
3603	2	series	NN
3604	3	of	IN
3605	4	women	NNS
3606	5	's	POS
3607	6	activities	NNS
3608	7	,	,
3609	8	the	DT
3610	9	spirit	NN
3611	10	of	IN
3612	11	villagers	NNS
3613	12	in	IN
3614	13	Zhaizi	NNP
3615	14	Village	NNP
3616	15	had	VBD
3617	16	changed	VBN
3618	17	.	.
3619	*
3620	0	On	IN
3621	1	Lunar	NNP
3622	2	January	NNP
3623	3	1	CD
3624	4	,	,
3625	5	2003	CD
3626	6	,	,
3627	7	Zheng	NNP
3628	8	Bing	NNP
3629	9	organized	VBD
3630	10	a	DT
3631	11	large	JJ
3632	12	get	NN
3633	13	-	HYPH
3634	14	together	NN
3635	15	in	IN
3636	16	which	WDT
3637	17	the	DT
3638	18	men	NNS
3639	19	participated	VBD
3640	20	.	.
3641	*
3642	0	There	EX
3643	1	was	VBD
3644	2	a	DT
3645	3	women	NNS
3646	4	's	POS
3647	5	stage	NN
3648	6	performance	NN
3649	7	,	,
3650	8	and	CC
3651	9	the	DT
3652	10	men	NNS
3653	11	held	VBD
3654	12	a	DT
3655	13	chess	NN
3656	14	tournament	NN
3657	15	.	.
3658	*
3659	0	After	IN
3660	1	that	DT
3661	2	,	,
3662	3	it	PRP
3663	4	became	VBD
3664	5	popular	JJ
3665	6	among	IN
3666	7	the	DT
3667	8	villagers	NNS
3668	9	to	TO
3669	10	call	VB
3670	11	it	PRP
3671	12	the	DT
3672	13	peasants	NNS
3673	14	'	POS
3674	15	association	NN
3675	16	.	.
3676	*
3677	0	But	CC
3678	1	in	IN
3679	2	the	DT
3680	3	end	NN
3681	4	dancing	VBG
3682	5	and	CC
3683	6	playing	VBG
3684	7	chess	NNS
3685	8	do	VBP
3686	9	n't	RB
3687	10	achieve	VB
3688	11	any	DT
3689	12	real	JJ
3690	13	benefits	NNS
3691	14	for	IN
3692	15	the	DT
3693	16	villagers	NNS
3694	17	.	.
3695	*
3696	0	Not	RB
3697	1	long	RB
3698	2	after	RB
3699	3	,	,
3700	4	Zheng	NNP
3701	5	Bing	NNP
3702	6	and	CC
3703	7	the	DT
3704	8	key	JJ
3705	9	members	NNS
3706	10	of	IN
3707	11	the	DT
3708	12	peasants	NNS
3709	13	'	POS
3710	14	association	NN
3711	15	did	VBD
3712	16	something	NN
3713	17	that	WDT
3714	18	allowed	VBD
3715	19	the	DT
3716	20	villagers	NNS
3717	21	to	TO
3718	22	see	VB
3719	23	the	DT
3720	24	direct	JJ
3721	25	advantages	NNS
3722	26	of	IN
3723	27	the	DT
3724	28	peasants	NNS
3725	29	'	POS
3726	30	association	NN
3727	31	.	.
3728	*
3729	0	When	WRB
3730	1	was	VBD
3731	2	the	DT
3732	3	village	NN
3733	4	construction	NN
3734	5	council	NN
3735	6	established	VBN
3736	7	?	.
3737	*
3738	0	Why	WRB
3739	1	did	VBD
3740	2	you	PRP
3741	3	want	VB
3742	4	to	TO
3743	5	set	VB
3744	6	up	RP
3745	7	this	DT
3746	8	body	NN
3747	9	?	.
3748	*
3749	0	Our	PRP$
3750	1	village	NN
3751	2	had	VBD
3752	3	a	DT
3753	4	reputation	NN
3754	5	locally	RB
3755	6	as	IN
3756	7	having	VBG
3757	8	messy	JJ
3758	9	,	,
3759	10	messy	JJ
3760	11	lanes	NNS
3761	12	.	.
3762	*
3763	0	Yikes	UH
3764	1	!	.
3765	*
3766	0	After	IN
3767	1	it	PRP
3768	2	rained	VBD
3769	3	,	,
3770	4	it	PRP
3771	5	was	VBD
3772	6	really	RB
3773	7	tough	JJ
3774	8	to	TO
3775	9	walk	VB
3776	10	,	,
3777	11	so	CC
3778	12	we	PRP
3779	13	went	VBD
3780	14	to	IN
3781	15	the	DT
3782	16	village	NN
3783	17	committee	NN
3784	18	.	.
3785	*
3786	0	At	IN
3787	1	the	DT
3788	2	time	NN
3789	3	our	PRP$
3790	4	village	NN
3791	5	had	VBD
3792	6	a	DT
3793	7	secretary	NN
3794	8	who	WP
3795	9	doubled	VBD
3796	10	as	IN
3797	11	village	NN
3798	12	head	NN
3799	13	.	.
3800	*
3801	0	We	PRP
3802	1	went	VBD
3803	2	to	TO
3804	3	see	VB
3805	4	him	PRP
3806	5	.	.
3807	*
3808	0	We	PRP
3809	1	spoke	VBD
3810	2	to	IN
3811	3	him	PRP
3812	4	three	CD
3813	5	times	NNS
3814	6	,	,
3815	7	and	CC
3816	8	they	PRP
3817	9	'd	MD
3818	10	always	RB
3819	11	say	VB
3820	12	no	UH
3821	13	.	.
3822	*
3823	0	The	DT
3824	1	reason	NN
3825	2	they	PRP
3826	3	said	VBD
3827	4	no	UH
3828	5	was	VBD
3829	6	,	,
3830	7	our	PRP$
3831	8	village	NN
3832	9	committee	NN
3833	10	had	VBD
3834	11	no	DT
3835	12	money	NN
3836	13	.	.
3837	*
3838	0	We	PRP
3839	1	considered	VBD
3840	2	the	DT
3841	3	village	NN
3842	4	committee	NN
3843	5	's	POS
3844	6	hardship	NN
3845	7	,	,
3846	*
3847	0	and	CC
3848	1	the	DT
3849	2	villagers	NNS
3850	3	discussed	VBD
3851	4	it	PRP
3852	5	collectively	RB
3853	6	.	.
3854	*
3855	0	They	PRP
3856	1	decided	VBD
3857	2	to	TO
3858	3	set	VB
3859	4	up	RP
3860	5	a	DT
3861	6	village	NN
3862	7	construction	NN
3863	8	council	NN
3864	9	,	,
3865	10	to	TO
3866	11	focus	VB
3867	12	on	IN
3868	13	fixing	VBG
3869	14	up	RP
3870	15	the	DT
3871	16	lanes	NNS
3872	17	.	.
3873	*
3874	0	Indeed	RB
3875	1	,	,
3876	2	why	WRB
3877	3	were	VBD
3878	4	you	PRP
3879	5	confident	JJ
3880	6	that	IN
3881	7	you	PRP
3882	8	could	MD
3883	9	handle	VB
3884	10	the	DT
3885	11	matters	NNS
3886	12	that	WDT
3887	13	the	DT
3888	14	village	NN
3889	15	committee	NN
3890	16	was	VBD
3891	17	n't	RB
3892	18	able	JJ
3893	19	to	TO
3894	20	?	.
3895	*
3896	0	Because	IN
3897	1	we	PRP
3898	2	all	DT
3899	3	discussed	VBD
3900	4	things	NNS
3901	5	together	RB
3902	6	,	,
3903	7	very	RB
3904	8	intensely	RB
3905	9	.	.
3906	*
3907	0	Because	IN
3908	1	,	,
3909	2	first	RB
3910	3	of	IN
3911	4	all	DT
3912	5	,	,
3913	6	these	DT
3914	7	lanes	NNS
3915	8	are	VBP
3916	9	a	DT
3917	10	matter	NN
3918	11	of	IN
3919	12	concern	NN
3920	13	to	IN
3921	14	all	DT
3922	15	of	IN
3923	16	us	PRP
3924	17	.	.
3925	*
3926	0	And	CC
3927	1	if	IN
3928	2	we	PRP
3929	3	do	VB
3930	4	it	PRP
3931	5	ourselves	PRP
3932	6	,	,
3933	7	why	WRB
3934	8	should	MD
3935	9	n't	RB
3936	10	we	PRP
3937	11	be	VB
3938	12	able	JJ
3939	13	to	TO
3940	14	get	VB
3941	15	it	PRP
3942	16	done	VBN
3943	17	?	.
3944	*
3945	0	But	CC
3946	1	the	DT
3947	2	fact	NN
3948	3	is	VBZ
3949	4	that	IN
3950	5	you	PRP
3951	6	yourselves	PRP
3952	7	selected	VBD
3953	8	the	DT
3954	9	village	NN
3955	10	construction	NN
3956	11	council	NN
3957	12	.	.
3958	*
3959	0	Yes	UH
3960	1	.	.
3961	*
3962	0	And	CC
3963	1	it	PRP
3964	2	's	VBZ
3965	3	an	DT
3966	4	autonomous	JJ
3967	5	institution	NN
3968	6	,	,
3969	7	might	MD
3970	8	it	PRP
3971	9	not	RB
3972	10	clash	VB
3973	11	with	IN
3974	12	the	DT
3975	13	village	NN
3976	14	committee	NN
3977	15	?	.
3978	*
3979	0	There	EX
3980	1	were	VBD
3981	2	no	DT
3982	3	clashes	NNS
3983	4	.	.
3984	*
3985	0	For	IN
3986	1	the	DT
3987	2	selection	NN
3988	3	,	,
3989	4	we	PRP
3990	5	did	VBD
3991	6	the	DT
3992	7	selection	NN
3993	8	;	:
3994	9	if	IN
3995	10	our	PRP$
3996	11	village	NN
3997	12	committee	NN
3998	13	wanted	VBD
3999	14	to	TO
4000	15	do	VB
4001	16	this	DT
4002	17	,	,
4003	18	it	PRP
4004	19	had	VBD
4005	20	this	DT
4006	21	objective	JJ
4007	22	difficulty	NN
4008	23	.	.
4009	*
4010	0	And	CC
4011	1	now	RB
4012	2	this	DT
4013	3	village	NN
4014	4	construction	NN
4015	5	council	NN
4016	6	of	IN
4017	7	ours	PRP
4018	8	,	,
4019	9	there	EX
4020	10	's	VBZ
4021	11	nobody	NN
4022	12	who	WP
4023	13	has	VBZ
4024	14	anything	NN
4025	15	against	IN
4026	16	it	PRP
4027	17	.	.
4028	*
4029	0	So	RB
4030	1	there	EX
4031	2	's	VBZ
4032	3	none	NN
4033	4	of	IN
4034	5	this	DT
4035	6	feeling	NN
4036	7	of	IN
4037	8	dependency	NN
4038	9	.	.
4039	*
4040	0	So	RB
4041	1	it	PRP
4042	2	's	VBZ
4043	3	possible	JJ
4044	4	to	TO
4045	5	convince	VB
4046	6	every	DT
4047	7	family	NN
4048	8	,	,
4049	9	every	DT
4050	10	household	NN
4051	11	to	TO
4052	12	mobilize	VB
4053	13	.	.
4054	*
4055	0	Because	IN
4056	1	,	,
4057	2	it	PRP
4058	3	's	VBZ
4059	4	everybody	NN
4060	5	agreed	VBD
4061	6	.	.
4062	*
4063	0	In	IN
4064	1	the	DT
4065	2	end	NN
4066	3	,	,
4067	4	it	PRP
4068	5	was	VBD
4069	6	actually	RB
4070	7	very	RB
4071	8	difficult	JJ
4072	9	to	TO
4073	10	get	VB
4074	11	this	DT
4075	12	thing	NN
4076	13	done	VBN
4077	14	,	,
4078	15	to	TO
4079	16	complete	VB
4080	17	it	PRP
4081	18	.	.
4082	*
4083	0	According	VBG
4084	1	to	IN
4085	2	a	DT
4086	3	Yongji	NNP
4087	4	official	NN
4088	5	,	,
4089	6	the	DT
4090	7	reason	NN
4091	8	the	DT
4092	9	Zhaizi	NNP
4093	10	Village	NNP
4094	11	peasant	NN
4095	12	association	NN
4096	13	has	VBZ
4097	14	had	VBN
4098	15	such	PDT
4099	16	a	DT
4100	17	big	JJ
4101	18	impact	NN
4102	19	,	,
4103	20	one	CD
4104	21	major	JJ
4105	22	reason	NN
4106	23	is	VBZ
4107	24	the	DT
4108	25	paralysis	NN
4109	26	of	IN
4110	27	the	DT
4111	28	village	NN
4112	29	committee	NN
4113	30	.	.
4114	*
4115	0	Many	JJ
4116	1	of	IN
4117	2	the	DT
4118	3	things	NNS
4119	4	that	WDT
4120	5	the	DT
4121	6	village	NN
4122	7	committee	NN
4123	8	was	VBD
4124	9	originally	RB
4125	10	supposed	VBN
4126	11	to	TO
4127	12	do	VB
4128	13	the	DT
4129	14	peasants	NNS
4130	15	'	POS
4131	16	association	NN
4132	17	now	RB
4133	18	does	VBZ
4134	19	.	.
4135	*
4136	0	The	DT
4137	1	peasants	NNS
4138	2	have	VBP
4139	3	seen	VBN
4140	4	that	IN
4141	5	the	DT
4142	6	association	NN
4143	7	has	VBZ
4144	8	safeguarded	VBN
4145	9	for	IN
4146	10	the	DT
4147	11	peasants	NNS
4148	12	'	POS
4149	13	interests	NNS
4150	14	at	IN
4151	15	crucial	JJ
4152	16	times	NNS
4153	17	.	.
4154	*
4155	0	Zhaizi	NNP
4156	1	Village	NNP
4157	2	has	VBZ
4158	3	a	DT
4159	4	total	NN
4160	5	of	IN
4161	6	263	CD
4162	7	households	NNS
4163	8	.	.
4164	*
4165	0	The	DT
4166	1	number	NN
4167	2	of	IN
4168	3	households	NNS
4169	4	that	WDT
4170	5	became	VBD
4171	6	members	NNS
4172	7	of	IN
4173	8	the	DT
4174	9	association	NN
4175	10	went	VBD
4176	11	from	IN
4177	12	over	IN
4178	13	a	DT
4179	14	hundred	CD
4180	15	before	IN
4181	16	the	DT
4182	17	lanes	NNS
4183	18	were	VBD
4184	19	fixed	VBN
4185	20	to	IN
4186	21	more	JJR
4187	22	than	IN
4188	23	200	CD
4189	24	.	.
4190	*
4191	0	On	IN
4192	1	June	NNP
4193	2	7	CD
4194	3	of	IN
4195	4	last	JJ
4196	5	year	NN
4197	6	,	,
4198	7	the	DT
4199	8	Yongji	NNP
4200	9	Peasants	NNPS
4201	10	'	POS
4202	11	Association	NNP
4203	12	was	VBD
4204	13	formally	RB
4205	14	registered	VBN
4206	15	at	IN
4207	16	the	DT
4208	17	Civil	NNP
4209	18	Administration	NNP
4210	19	Bureau	NNP
4211	20	of	IN
4212	21	Yongji	NNP
4213	22	City	NNP
4214	23	.	.
4215	*
4216	0	Its	PRP$
4217	1	legal	JJ
4218	2	representative	NN
4219	3	is	VBZ
4220	4	Zheng	NNP
4221	5	Bing	NNP
4222	6	.	.
4223	*
4224	0	In	IN
4225	1	November	NNP
4226	2	2004	CD
4227	3	,	,
4228	4	the	DT
4229	5	first	JJ
4230	6	business	NN
4231	7	operated	VBN
4232	8	by	IN
4233	9	the	DT
4234	10	peasants	NNS
4235	11	'	POS
4236	12	association	NN
4237	13	after	IN
4238	14	it	PRP
4239	15	was	VBD
4240	16	registered	VBN
4241	17	,	,
4242	18	the	DT
4243	19	Zhaizi	NNP
4244	20	Village	NNP
4245	21	Paint	NNP
4246	22	Plant	NNP
4247	23	,	,
4248	24	was	VBD
4249	25	set	VBN
4250	26	up	RP
4251	27	and	CC
4252	28	went	VBD
4253	29	into	IN
4254	30	production	NN
4255	31	.	.
4256	*
4257	0	In	IN
4258	1	the	DT
4259	2	shareholding	NN
4260	3	issue	NN
4261	4	,	,
4262	5	Zheng	NNP
4263	6	Bing	NNP
4264	7	and	CC
4265	8	the	DT
4266	9	association	NN
4267	10	members	NNS
4268	11	ran	VBD
4269	12	into	IN
4270	13	a	DT
4271	14	succession	NN
4272	15	of	IN
4273	16	problems	NNS
4274	17	.	.
4275	*
4276	0	For	IN
4277	1	construction	NN
4278	2	capital	NN
4279	3	,	,
4280	4	they	PRP
4281	5	adopted	VBD
4282	6	the	DT
4283	7	member	NN
4284	8	shareholding	NN
4285	9	approach	NN
4286	10	,	,
4287	11	with	IN
4288	12	a	DT
4289	13	total	NN
4290	14	of	IN
4291	15	300	CD
4292	16	shares	NNS
4293	17	at	IN
4294	18	300	CD
4295	19	yuan	NN
4296	20	per	IN
4297	21	share	NN
4298	22	.	.
4299	*
4300	0	Zheng	NNP
4301	1	Bing	NNP
4302	2	's	POS
4303	3	idea	NN
4304	4	was	VBD
4305	5	that	IN
4306	6	each	DT
4307	7	member	NN
4308	8	household	NN
4309	9	could	MD
4310	10	hold	VB
4311	11	a	DT
4312	12	maximum	NN
4313	13	of	IN
4314	14	three	CD
4315	15	shares	NNS
4316	16	.	.
4317	*
4318	0	If	IN
4319	1	they	PRP
4320	2	could	MD
4321	3	n't	RB
4322	4	sell	VB
4323	5	that	DT
4324	6	number	NN
4325	7	of	IN
4326	8	shares	NNS
4327	9	,	,
4328	10	they	PRP
4329	11	'd	MD
4330	12	let	VB
4331	13	the	DT
4332	14	members	NNS
4333	15	of	IN
4334	16	the	DT
4335	17	board	NN
4336	18	of	IN
4337	19	directors	NNS
4338	20	and	CC
4339	21	its	PRP$
4340	22	chairman	NN
4341	23	buy	VB
4342	24	shares	NNS
4343	25	.	.
4344	*
4345	0	But	CC
4346	1	they	PRP
4347	2	could	MD
4348	3	not	RB
4349	4	exceed	VB
4350	5	five	CD
4351	6	shares	NNS
4352	7	and	CC
4353	8	ten	CD
4354	9	shares	NNS
4355	10	,	,
4356	11	respectively	RB
4357	12	.	.
4358	*
4359	0	I	PRP
4360	1	heard	VBD
4361	2	many	JJ
4362	3	people	NNS
4363	4	say	VB
4364	5	you	PRP
4365	6	made	VBD
4366	7	an	DT
4367	8	arbitrary	JJ
4368	9	decision	NN
4369	10	,	,
4370	11	with	IN
4371	12	regard	NN
4372	13	to	IN
4373	14	the	DT
4374	15	paint	NN
4375	16	plant	NN
4376	17	shareholding	NN
4377	18	decision	NN
4378	19	.	.
4379	*
4380	0	Some	DT
4381	1	people	NNS
4382	2	wanted	VBD
4383	3	to	TO
4384	4	hold	VB
4385	5	controlling	NN
4386	6	shares	NNS
4387	7	,	,
4388	8	but	CC
4389	9	you	PRP
4390	10	strongly	RB
4391	11	disagreed	VBD
4392	12	.	.
4393	*
4394	0	And	CC
4395	1	you	PRP
4396	2	absolutely	RB
4397	3	did	VBD
4398	4	n't	RB
4399	5	want	VB
4400	6	to	TO
4401	7	hear	VB
4402	8	other	JJ
4403	9	people	NNS
4404	10	's	POS
4405	11	opinions	NNS
4406	12	.	.
4407	*
4408	0	Yes	UH
4409	1	.	.
4410	*
4411	0	,	,
4412	1	as	IN
4413	2	we	PRP
4414	3	were	VBD
4415	4	organizing	VBG
4416	5	,	,
4417	6	,	,
4418	7	the	DT
4419	8	paint	NN
4420	9	plant	NN
4421	10	,	,
4422	11	right	RB
4423	12	away	RB
4424	13	,	,
4425	14	at	IN
4426	15	the	DT
4427	16	meeting	NN
4428	17	,	,
4429	18	they	PRP
4430	19	proposed	VBD
4431	20	,	,
4432	21	I	PRP
4433	22	want	VBP
4434	23	to	TO
4435	24	hold	VB
4436	25	controlling	NN
4437	26	shares	NNS
4438	27	.	.
4439	*
4440	0	I	PRP
4441	1	said	VBD
4442	2	what	WP
4443	3	we	PRP
4444	4	're	VBP
4445	5	running	VBG
4446	6	is	VBZ
4447	7	,	,
4448	8	a	DT
4449	9	cooperative	JJ
4450	10	paint	NN
4451	11	plant	NN
4452	12	.	.
4453	*
4454	0	It	PRP
4455	1	's	VBZ
4456	2	not	RB
4457	3	a	DT
4458	4	joint	NN
4459	5	-	HYPH
4460	6	stock	NN
4461	7	company	NN
4462	8	,	,
4463	9	the	DT
4464	10	paint	NN
4465	11	plant	NN
4466	12	,	,
4467	13	because	IN
4468	14	we	PRP
4469	15	had	VBD
4470	16	already	RB
4471	17	announced	VBN
4472	18	that	DT
4473	19	information	NN
4474	20	in	IN
4475	21	advance	NN
4476	22	.	.
4477	*
4478	0	So	RB
4479	1	then	RB
4480	2	we	PRP
4481	3	began	VBD
4482	4	squabbling	VBG
4483	5	at	IN
4484	6	the	DT
4485	7	meeting	NN
4486	8	.	.
4487	*
4488	0	You	PRP
4489	1	ca	MD
4490	2	n't	RB
4491	3	do	VB
4492	4	it	PRP
4493	5	this	DT
4494	6	way	NN
4495	7	,	,
4496	*
4497	0	That	DT
4498	1	way	NN
4499	2	is	VBZ
4500	3	too	RB
4501	4	arbitrary	JJ
4502	5	.	.
4503	*
4504	0	I	PRP
4505	1	said	VBD
4506	2	,	,
4507	3	first	RB
4508	4	you	PRP
4509	5	go	VB
4510	6	home	RB
4511	7	and	CC
4512	8	study	VB
4513	9	up	RP
4514	10	on	IN
4515	11	what	WP
4516	12	the	DT
4517	13	coop	JJ
4518	14	system	NN
4519	15	is	VBZ
4520	16	all	RB
4521	17	about	IN
4522	18	,	,
4523	19	then	RB
4524	20	come	VB
4525	21	back	RB
4526	22	and	CC
4527	23	we	PRP
4528	24	'll	MD
4529	25	talk	VB
4530	26	.	.
4531	*
4532	0	If	IN
4533	1	you	PRP
4534	2	think	VBP
4535	3	you	PRP
4536	4	really	RB
4537	5	want	VBP
4538	6	to	TO
4539	7	hold	VB
4540	8	a	DT
4541	9	controlling	NN
4542	10	share	NN
4543	11	,	,
4544	12	I	PRP
4545	13	suggest	VBP
4546	14	you	PRP
4547	15	set	VBD
4548	16	up	RP
4549	17	a	DT
4550	18	plant	NN
4551	19	on	IN
4552	20	paper	NN
4553	21	.	.
4554	*
4555	0	Your	PRP$
4556	1	aim	NN
4557	2	in	IN
4558	3	holding	VBG
4559	4	a	DT
4560	5	controlling	NN
4561	6	share	NN
4562	7	,	,
4563	8	is	VBZ
4564	9	n't	RB
4565	10	it	PRP
4566	11	to	TO
4567	12	use	VB
4568	13	everybody	NN
4569	14	's	POS
4570	15	capital	NN
4571	16	to	TO
4572	17	serve	VB
4573	18	your	PRP$
4574	19	own	JJ
4575	20	interests	NNS
4576	21	?	.
4577	*
4578	0	But	CC
4579	1	a	DT
4580	2	short	JJ
4581	3	time	NN
4582	4	later	RB
4583	5	,	,
4584	6	everyone	NN
4585	7	again	RB
4586	8	clashed	VBD
4587	9	with	IN
4588	10	Zheng	NNP
4589	11	Bing	NNP
4590	12	.	.
4591	*
4592	0	There	EX
4593	1	are	VBP
4594	2	twelve	CD
4595	3	households	NNS
4596	4	in	IN
4597	5	the	DT
4598	6	village	NN
4599	7	that	WDT
4600	8	were	VBD
4601	9	categorized	VBN
4602	10	as	IN
4603	11	retarded	JJ
4604	12	or	CC
4605	13	disabled	JJ
4606	14	and	CC
4607	15	extremely	RB
4608	16	poor	JJ
4609	17	households	NNS
4610	18	.	.
4611	*
4612	0	Zheng	NNP
4613	1	Bing	NNP
4614	2	proposed	VBD
4615	3	giving	VBG
4616	4	one	CD
4617	5	share	NN
4618	6	to	IN
4619	7	these	DT
4620	8	households	NNS
4621	9	,	,
4622	10	with	IN
4623	11	the	DT
4624	12	capital	NN
4625	13	coming	VBG
4626	14	from	IN
4627	15	the	DT
4628	16	association	NN
4629	17	's	POS
4630	18	expenditures	NNS
4631	19	.	.
4632	*
4633	0	The	DT
4634	1	20	CD
4635	2	-	HYPH
4636	3	plus	CC
4637	4	directors	NNS
4638	5	and	CC
4639	6	the	DT
4640	7	chairman	NN
4641	8	split	VBD
4642	9	up	RP
4643	10	into	IN
4644	11	seven	CD
4645	12	groups	NNS
4646	13	to	TO
4647	14	discuss	VB
4648	15	the	DT
4649	16	matter	NN
4650	17	of	IN
4651	18	giving	VBG
4652	19	shares	NNS
4653	20	to	IN
4654	21	these	DT
4655	22	twelve	CD
4656	23	households	NNS
4657	24	;	:
4658	25	not	RB
4659	26	one	CD
4660	27	person	NN
4661	28	supported	VBD
4662	29	Zheng	NNP
4663	30	Bing	NNP
4664	31	's	POS
4665	32	idea	NN
4666	33	.	.
4667	*
4668	0	But	CC
4669	1	when	WRB
4670	2	Zheng	NNP
4671	3	Bing	NNP
4672	4	persisted	VBD
4673	5	,	,
4674	6	everyone	NN
4675	7	finally	RB
4676	8	agreed	VBD
4677	9	.	.
4678	*
4679	0	Just	RB
4680	1	now	RB
4681	2	you	PRP
4682	3	repeatedly	RB
4683	4	used	VBD
4684	5	a	DT
4685	6	word	NN
4686	7	,	,
4687	8	quality	NN
4688	9	.	.
4689	*
4690	0	What	WP
4691	1	quality	NN
4692	2	is	VBZ
4693	3	it	PRP
4694	4	that	WDT
4695	5	you	PRP
4696	6	're	VBP
4697	7	referring	VBG
4698	8	to	IN
4699	9	?	.
4700	*
4701	0	Every	DT
4702	1	month	NN
4703	2	we	PRP
4704	3	give	VBP
4705	4	the	DT
4706	5	association	NN
4707	6	members	NNS
4708	7	a	DT
4709	8	report	NN
4710	9	.	.
4711	*
4712	0	As	IN
4713	1	we	PRP
4714	2	began	VBD
4715	3	this	DT
4716	4	year	NN
4717	5	,	,
4718	6	we	PRP
4719	7	put	VBD
4720	8	out	RP
4721	9	a	DT
4722	10	report	NN
4723	11	,	,
4724	12	and	CC
4725	13	,	,
4726	14	it	PRP
4727	15	presented	VBD
4728	16	a	DT
4729	17	goal	NN
4730	18	,	,
4731	19	to	TO
4732	20	become	VB
4733	21	the	DT
4734	22	Number	NNP
4735	23	One	CD
4736	24	Village	NNP
4737	25	in	IN
4738	26	China	NNP
4739	27	within	IN
4740	28	ten	CD
4741	29	years	NNS
4742	30	.	.
4743	*
4744	0	The	DT
4745	1	association	NN
4746	2	is	VBZ
4747	3	now	RB
4748	4	experimenting	VBG
4749	5	in	IN
4750	6	Zhaizi	NNP
4751	7	Village	NNP
4752	8	.	.
4753	*
4754	0	Of	RB
4755	1	course	RB
4756	2	,	,
4757	3	some	DT
4758	4	people	NNS
4759	5	ask	VBP
4760	6	you	PRP
4761	7	,	,
4762	8	this	DT
4763	9	Number	NNP
4764	10	One	CD
4765	11	,	,
4766	12	what	WP
4767	13	does	VBZ
4768	14	that	DT
4769	15	imply	VB
4770	16	?	.
4771	*
4772	0	I	PRP
4773	1	say	VBP
4774	2	,	,
4775	3	two	CD
4776	4	things	NNS
4777	5	.	.
4778	*
4779	0	First	RB
4780	1	,	,
4781	2	we	PRP
4782	3	want	VBP
4783	4	our	PRP$
4784	5	villagers	NNS
4785	6	'	POS
4786	7	whole	JJ
4787	8	concept	NN
4788	9	of	IN
4789	10	the	DT
4790	11	legal	JJ
4791	12	system	NN
4792	13	to	TO
4793	14	be	VB
4794	15	the	DT
4795	16	first	JJ
4796	17	in	IN
4797	18	all	DT
4798	19	of	IN
4799	20	China	NNP
4800	21	.	.
4801	*
4802	0	Second	RB
4803	1	,	,
4804	2	,	,
4805	3	we	PRP
4806	4	want	VBP
4807	5	the	DT
4808	6	overall	JJ
4809	7	cultural	JJ
4810	8	quality	NN
4811	9	of	IN
4812	10	our	PRP$
4813	11	villagers	NNS
4814	12	to	TO
4815	13	be	VB
4816	14	number	NN
4817	15	one	CD
4818	16	.	.
4819	*
4820	0	We	PRP
4821	1	are	VBP
4822	2	all	DT
4823	3	set	VBN
4824	4	to	TO
4825	5	be	VB
4826	6	Number	NNP
4827	7	One	CD
4828	8	in	IN
4829	9	these	DT
4830	10	two	CD
4831	11	areas	NNS
4832	12	.	.
4833	*
4834	0	This	DT
4835	1	is	VBZ
4836	2	the	DT
4837	3	10	CD
4838	4	-	HYPH
4839	5	year	NN
4840	6	goal	NN
4841	7	we	PRP
4842	8	have	VBP
4843	9	established	VBN
4844	10	for	IN
4845	11	ourselves	PRP
4846	12	.	.
4847	*
4848	0	But	CC
4849	1	if	IN
4850	2	we	PRP
4851	3	want	VBP
4852	4	to	TO
4853	5	achieve	VB
4854	6	these	DT
4855	7	two	CD
4856	8	Number	NN
4857	9	One's_	NNS
4858	10	,	,
4859	11	it	PRP
4860	12	's	VBZ
4861	13	not	RB
4862	14	just	RB
4863	15	that	IN
4864	16	you	PRP
4865	17	can	MD
4866	18	say	VB
4867	19	it	PRP
4868	20	and	CC
4869	21	that	DT
4870	22	's	VBZ
4871	23	it	PRP
4872	24	.	.
4873	*
4874	0	You	PRP
4875	1	have	VBP
4876	2	to	TO
4877	3	constantly	RB
4878	4	overcome	VB
4879	5	your	PRP$
4880	6	own	JJ
4881	7	traditional	JJ
4882	8	,	,
4883	9	conservative	JJ
4884	10	kinds	NNS
4885	11	of	IN
4886	12	thinking	NN
4887	13	and	CC
4888	14	antiquated	JJ
4889	15	concepts	NNS
4890	16	.	.
4891	*
4892	0	You	PRP
4893	1	have	VBP
4894	2	to	TO
4895	3	constantly	RB
4896	4	challenge	VB
4897	5	yourself	PRP
4898	6	.	.
4899	*
4900	0	So	RB
4901	1	this	DT
4902	2	quality	NN
4903	3	thing	NN
4904	4	,	,
4905	5	it	PRP
4906	6	really	RB
4907	7	has	VBZ
4908	8	a	DT
4909	9	lot	NN
4910	10	of	IN
4911	11	meaning	NN
4912	12	to	IN
4913	13	it	PRP
4914	14	.	.
4915	*
4916	0	Now	RB
4917	1	that	IN
4918	2	she	PRP
4919	3	has	VBZ
4920	4	quit	VBN
4921	5	her	PRP$
4922	6	teaching	NN
4923	7	job	NN
4924	8	,	,
4925	9	donated	VBN
4926	10	away	RP
4927	11	her	PRP$
4928	12	own	JJ
4929	13	family	NN
4930	14	store	NN
4931	15	,	,
4932	16	and	CC
4933	17	with	IN
4934	18	the	DT
4935	19	development	NN
4936	20	of	IN
4937	21	the	DT
4938	22	peasant	NN
4939	23	association	NN
4940	24	,	,
4941	25	the	DT
4942	26	biggest	JJS
4943	27	issue	NN
4944	28	for	IN
4945	29	her	PRP
4946	30	now	RB
4947	31	is	VBZ
4948	32	still	RB
4949	33	that	DT
4950	34	of	IN
4951	35	money	NN
4952	36	.	.
4953	*
4954	0	The	DT
4955	1	peasants	NNS
4956	2	'	POS
4957	3	association	NN
4958	4	does	VBZ
4959	5	n't	RB
4960	6	collect	VB
4961	7	any	DT
4962	8	membership	NN
4963	9	dues	NNS
4964	10	;	:
4965	11	the	DT
4966	12	six	CD
4967	13	technical	JJ
4968	14	service	NN
4969	15	centers	NNS
4970	16	that	WDT
4971	17	belong	VBP
4972	18	to	IN
4973	19	it	PRP
4974	20	give	VBP
4975	21	the	DT
4976	22	members	NNS
4977	23	a	DT
4978	24	two	CD
4979	25	-	HYPH
4980	26	yuan	NN
4981	27	discount	NN
4982	28	on	IN
4983	29	each	DT
4984	30	sack	NN
4985	31	of	IN
4986	32	fertilizer	NN
4987	33	.	.
4988	*
4989	0	They	PRP
4990	1	also	RB
4991	2	let	VBP
4992	3	members	NNS
4993	4	buy	VB
4994	5	on	IN
4995	6	credit	NN
4996	7	and	CC
4997	8	pay	VB
4998	9	it	PRP
4999	10	off	RP
5000	11	at	IN
5001	12	harvest	NN
5002	13	time	NN
5003	14	.	.
5004	*
5005	0	So	CC
5006	1	how	WRB
5007	2	much	JJ
5008	3	of	IN
5009	4	your	PRP$
5010	5	family	NN
5011	6	's	POS
5012	7	own	JJ
5013	8	money	NN
5014	9	have	VBP
5015	10	you	PRP
5016	11	contributed	VBN
5017	12	?	.
5018	*
5019	0	If	IN
5020	1	you	PRP
5021	2	really	RB
5022	3	total	VBP
5023	4	it	PRP
5024	5	up	RP
5025	6	,	,
5026	7	my	PRP$
5027	8	family	NN
5028	9	has	VBZ
5029	10	paid	VBN
5030	11	out	IN
5031	12	more	JJR
5032	13	than	IN
5033	14	200,000	CD
5034	15	.	.
5035	*
5036	0	For	IN
5037	1	the	DT
5038	2	peasants	NNS
5039	3	'	POS
5040	4	association	NN
5041	5	,	,
5042	6	and	CC
5043	7	organizing	VBG
5044	8	the	DT
5045	9	peasants	NNS
5046	10	,	,
5047	11	you	PRP
5048	12	invested	VBD
5049	13	200,000	CD
5050	14	-	HYPH
5051	15	plus	CC
5052	16	,	,
5053	17	such	PDT
5054	18	a	DT
5055	19	huge	JJ
5056	20	sum	NN
5057	21	,	,
5058	22	does	VBZ
5059	23	n't	RB
5060	24	that	DT
5061	25	pain	VB
5062	26	you	PRP
5063	27	?	.
5064	*
5065	0	It	PRP
5066	1	does	VBZ
5067	2	n't	RB
5068	3	pain	VB
5069	4	me	PRP
5070	5	;	:
5071	6	I	PRP
5072	7	feel	VBP
5073	8	it	PRP
5074	9	's	VBZ
5075	10	very	RB
5076	11	worthwhile	JJ
5077	12	.	.
5078	*
5079	0	This	DT
5080	1	is	VBZ
5081	2	The	DT
5082	3	World	NNP
5083	4	,	,
5084	5	a	DT
5085	6	co-production	NN
5086	7	of	IN
5087	8	the	DT
5088	9	BBC	NNP
5089	10	World	NNP
5090	11	Service	NNP
5091	12	,	,
5092	13	PRI	NNP
5093	14	and	CC
5094	15	WGBH	NNP
5095	16	in	IN
5096	17	Boston	NNP
5097	18	.	.
5098	*
5099	0	I	PRP
5100	1	am	VBP
5101	2	Tony	NNP
5102	3	Kahn	NNP
5103	4	.	.
5104	*
5105	0	The	DT
5106	1	drama	NN
5107	2	in	IN
5108	3	Yugoslavia	NNP
5109	4	seemed	VBD
5110	5	to	TO
5111	6	climax	VB
5112	7	last	JJ
5113	8	thursday	NN
5114	9	when	WRB
5115	10	hundreds	NNS
5116	11	of	IN
5117	12	thousands	NNS
5118	13	of	IN
5119	14	protesters	NNS
5120	15	forced	VBD
5121	16	the	DT
5122	17	ouster	NN
5123	18	of	IN
5124	19	Slobodan	NNP
5125	20	Milosevic	NNP
5126	21	,	,
5127	22	but	CC
5128	23	now	RB
5129	24	the	DT
5130	25	events	NNS
5131	26	of	IN
5132	27	last	JJ
5133	28	week	NN
5134	29	are	VBP
5135	30	beginning	VBG
5136	31	to	TO
5137	32	look	VB
5138	33	like	IN
5139	34	act	NN
5140	35	I	CD
5141	36	.	.
5142	*
5143	0	Talks	NNS
5144	1	today	NN
5145	2	between	IN
5146	3	supporters	NNS
5147	4	of	IN
5148	5	Yugoslavia	NNP
5149	6	's	POS
5150	7	new	JJ
5151	8	President	NNP
5152	9	Vojislav	NNP
5153	10	Kostunica	NNP
5154	11	and	CC
5155	12	members	NNS
5156	13	of	IN
5157	14	the	DT
5158	15	Milosevic	NNP
5159	16	's	POS
5160	17	Socialist	NNP
5161	18	Party	NNP
5162	19	yielded	VBD
5163	20	more	JJR
5164	21	heat	NN
5165	22	than	IN
5166	23	light	NN
5167	24	.	.
5168	*
5169	0	Kostunica	NNP
5170	1	's	POS
5171	2	people	NNS
5172	3	accused	VBD
5173	4	the	DT
5174	5	Socialists	NNPS
5175	6	of	IN
5176	7	trying	VBG
5177	8	to	TO
5178	9	hold	VB
5179	10	on	RP
5180	11	to	IN
5181	12	the	DT
5182	13	institutions	NNS
5183	14	of	IN
5184	15	power	NN
5185	16	and	CC
5186	17	as	IN
5187	18	if	IN
5188	19	on	IN
5189	20	cue	NN
5190	21	,	,
5191	22	it	PRP
5192	23	was	VBD
5193	24	announced	VBN
5194	25	that	IN
5195	26	a	DT
5196	27	key	JJ
5197	28	Milosevic	NNP
5198	29	loyalist	NN
5199	30	is	VBZ
5200	31	taking	VBG
5201	32	over	RP
5202	33	the	DT
5203	34	Interior	NNP
5204	35	Ministry	NNP
5205	36	,	,
5206	37	which	WDT
5207	38	runs	VBZ
5208	39	the	DT
5209	40	police	NNS
5210	41	.	.
5211	*
5212	0	The	DT
5213	1	World	NNP
5214	2	's	POS
5215	3	Nenad	NNP
5216	4	Chebeck	NNP
5217	5	is	VBZ
5218	6	in	IN
5219	7	Belgrade	NNP
5220	8	.	.
5221	*
5222	0	Nenad	NNP
5223	1	,	,
5224	2	what	WP
5225	3	do	VBP
5226	4	we	PRP
5227	5	know	VB
5228	6	of	IN
5229	7	this	DT
5230	8	Milosevic	NNP
5231	9	ally	NN
5232	10	?	.
5233	*
5234	0	Well	UH
5235	1	,	,
5236	2	it	PRP
5237	3	's	VBZ
5238	4	Mirco	NNP
5239	5	Merianovic	NNP
5240	6	who	WP
5241	7	officially	RB
5242	8	still	RB
5243	9	is	VBZ
5244	10	the	DT
5245	11	Prime	NNP
5246	12	Minister	NNP
5247	13	of	IN
5248	14	Serbia	NNP
5249	15	.	.
5250	*
5251	0	We	PRP
5252	1	have	VBP
5253	2	to	TO
5254	3	keep	VB
5255	4	one	CD
5256	5	thing	NN
5257	6	in	IN
5258	7	mind	NN
5259	8	that	IN
5260	9	Vojislav	NNP
5261	10	Kostunica	NNP
5262	11	and	CC
5263	12	the	DT
5264	13	pro-democracy	JJ
5265	14	elements	NNS
5266	15	in	IN
5267	16	Serbia	NNP
5268	17	and	CC
5269	18	Yugoslavia	NNP
5270	19	have	VBP
5271	20	taken	VBN
5272	21	over	RP
5273	22	authority	NN
5274	23	on	IN
5275	24	the	DT
5276	25	federal	JJ
5277	26	level	NN
5278	27	,	,
5279	28	but	CC
5280	29	the	DT
5281	30	key	JJ
5282	31	leaders	NNS
5283	32	of	IN
5284	33	power	NN
5285	34	are	VBP
5286	35	on	IN
5287	36	the	DT
5288	37	republican	JJ
5289	38	level	NN
5290	39	.	.
5291	*
5292	0	Yugoslavia	NNP
5293	1	consists	VBZ
5294	2	of	IN
5295	3	two	CD
5296	4	republics	NNS
5297	5	,	,
5298	6	Serbia	NNP
5299	7	and	CC
5300	8	Montenegro	NNP
5301	9	and	CC
5302	10	there	EX
5303	11	were	VBD
5304	12	no	DT
5305	13	elections	NNS
5306	14	for	IN
5307	15	neither	CC
5308	16	the	DT
5309	17	Serbian	JJ
5310	18	parliament	NN
5311	19	,	,
5312	20	nor	CC
5313	21	the	DT
5314	22	presidency	NN
5315	23	,	,
5316	24	so	CC
5317	25	the	DT
5318	26	Serbian	JJ
5319	27	government	NN
5320	28	officially	RB
5321	29	is	VBZ
5322	30	still	RB
5323	31	in	IN
5324	32	place	NN
5325	33	.	.
5326	*
5327	0	But	CC
5328	1	that	DT
5329	2	's	VBZ
5330	3	all	DT
5331	4	theory	NN
5332	5	.	.
5333	*
5334	0	In	IN
5335	1	practice	NN
5336	2	things	NNS
5337	3	are	VBP
5338	4	slightly	RB
5339	5	different	JJ
5340	6	.	.
5341	*
5342	0	The	DT
5343	1	whole	JJ
5344	2	structure	NN
5345	3	of	IN
5346	4	power	NN
5347	5	in	IN
5348	6	Serbia	NNP
5349	7	and	CC
5350	8	Yugoslavia	NNP
5351	9	was	VBD
5352	10	based	VBN
5353	11	on	IN
5354	12	one	CD
5355	13	man	NN
5356	14	,	,
5357	15	Milosevic	NNP
5358	16	.	.
5359	*
5360	0	Once	IN
5361	1	he	PRP
5362	2	collapsed	VBD
5363	3	,	,
5364	4	politically	RB
5365	5	and	CC
5366	6	he	PRP
5367	7	has	VBZ
5368	8	collapsed	VBN
5369	9	when	WRB
5370	10	he	PRP
5371	11	resigned	VBD
5372	12	officially	RB
5373	13	on	IN
5374	14	national	JJ
5375	15	television	NN
5376	16	,	,
5377	17	all	PDT
5378	18	the	DT
5379	19	old	JJ
5380	20	structures	NNS
5381	21	of	IN
5382	22	power	NN
5383	23	collapsed	VBD
5384	24	together	RB
5385	25	with	IN
5386	26	him	PRP
5387	27	.	.
5388	*
5389	0	Well	UH
5390	1	,	,
5391	2	since	IN
5392	3	,	,
5393	4	although	IN
5394	5	,	,
5395	6	officially	RB
5396	7	you	PRP
5397	8	got	VBP
5398	9	two	CD
5399	10	different	JJ
5400	11	parallel	NN
5401	12	governments	NNS
5402	13	going	VBG
5403	14	on	RP
5404	15	,	,
5405	16	the	DT
5406	17	reality	NN
5407	18	is	VBZ
5408	19	that	IN
5409	20	Mr.	NNP
5410	21	Kostunica	NNP
5411	22	is	VBZ
5412	23	trying	VBG
5413	24	to	TO
5414	25	consolidate	VB
5415	26	his	PRP$
5416	27	power	NN
5417	28	over	IN
5418	29	Yugoslavia	NNP
5419	30	,	,
5420	31	what	WDT
5421	32	other	JJ
5422	33	indications	NNS
5423	34	are	VBP
5424	35	there	EX
5425	36	that	IN
5426	37	he	PRP
5427	38	is	VBZ
5428	39	having	VBG
5429	40	trouble	NN
5430	41	doing	VBG
5431	42	that	DT
5432	43	?	.
5433	*
5434	0	The	DT
5435	1	taking	NN
5436	2	over	RP
5437	3	of	IN
5438	4	all	PDT
5439	5	the	DT
5440	6	leaders	NNS
5441	7	of	IN
5442	8	power	NN
5443	9	for	IN
5444	10	Mr.	NNP
5445	11	Kostunica	NNP
5446	12	and	CC
5447	13	his	PRP$
5448	14	allies	NNS
5449	15	is	VBZ
5450	16	a	DT
5451	17	process	NN
5452	18	which	WDT
5453	19	definitely	RB
5454	20	takes	VBZ
5455	21	time	NN
5456	22	.	.
5457	*
5458	0	Everybody	NN
5459	1	is	VBZ
5460	2	impatient	JJ
5461	3	,	,
5462	4	especially	RB
5463	5	here	RB
5464	6	in	IN
5465	7	Belgrade	NNP
5466	8	and	CC
5467	9	Serbia	NNP
5468	10	.	.
5469	*
5470	0	The	DT
5471	1	people	NNS
5472	2	that	WDT
5473	3	I	PRP
5474	4	see	VBP
5475	5	on	IN
5476	6	the	DT
5477	7	street	NN
5478	8	and	CC
5479	9	that	WDT
5480	10	I	PRP
5481	11	hear	VBP
5482	12	from	IN
5483	13	are	VBP
5484	14	sick	JJ
5485	15	and	CC
5486	16	tired	JJ
5487	17	of	IN
5488	18	Milosevic	NNP
5489	19	cronies	NNS
5490	20	appearing	VBG
5491	21	on	IN
5492	22	television	NN
5493	23	protesting	VBG
5494	24	against	IN
5495	25	this	DT
5496	26	and	CC
5497	27	trying	VBG
5498	28	to	TO
5499	29	hang	VB
5500	30	on	IN
5501	31	to	IN
5502	32	whatever	WDT
5503	33	little	JJ
5504	34	power	NN
5505	35	they	PRP
5506	36	have	VBP
5507	37	at	IN
5508	38	the	DT
5509	39	moment	NN
5510	40	.	.
5511	*
5512	0	However	RB
5513	1	,	,
5514	2	Mr.	NNP
5515	3	Kostunica	NNP
5516	4	and	CC
5517	5	the	DT
5518	6	Democratic	NNP
5519	7	Alliance	NNP
5520	8	of	IN
5521	9	Serbia	NNP
5522	10	has	VBZ
5523	11	said	VBN
5524	12	very	RB
5525	13	openly	RB
5526	14	today	NN
5527	15	that	IN
5528	16	they	PRP
5529	17	will	MD
5530	18	not	RB
5531	19	put	VB
5532	20	up	RP
5533	21	with	IN
5534	22	this	DT
5535	23	kind	NN
5536	24	of	IN
5537	25	behavior	NN
5538	26	for	IN
5539	27	much	RB
5540	28	longer	RBR
5541	29	.	.
5542	*
5543	0	They	PRP
5544	1	have	VBP
5545	2	indeed	RB
5546	3	threatened	VBN
5547	4	Milosevic	NNP
5548	5	allies	NNS
5549	6	that	IN
5550	7	they	PRP
5551	8	are	VBP
5552	9	going	VBG
5553	10	to	TO
5554	11	bring	VB
5555	12	out	RP
5556	13	the	DT
5557	14	people	NNS
5558	15	onto	IN
5559	16	the	DT
5560	17	streets	NNS
5561	18	again	RB
5562	19	so	IN
5563	20	that	IN
5564	21	a	DT
5565	22	completely	RB
5566	23	new	JJ
5567	24	authority	NN
5568	25	can	MD
5569	26	be	VB
5570	27	established	VBN
5571	28	,	,
5572	29	not	RB
5573	30	just	RB
5574	31	on	IN
5575	32	the	DT
5576	33	federal	JJ
5577	34	level	NN
5578	35	,	,
5579	36	but	CC
5580	37	also	RB
5581	38	on	IN
5582	39	the	DT
5583	40	level	NN
5584	41	of	IN
5585	42	the	DT
5586	43	Republic	NNP
5587	44	of	IN
5588	45	Serbia	NNP
5589	46	.	.
5590	*
5591	0	Let	VB
5592	1	's	PRP
5593	2	talk	VB
5594	3	a	DT
5595	4	little	JJ
5596	5	bit	NN
5597	6	also	RB
5598	7	about	IN
5599	8	other	JJ
5600	9	important	JJ
5601	10	policies	NNS
5602	11	of	IN
5603	12	the	DT
5604	13	government	NN
5605	14	,	,
5606	15	of	IN
5607	16	importance	NN
5608	17	to	IN
5609	18	people	NNS
5610	19	outside	IN
5611	20	Yugoslavia	NNP
5612	21	,	,
5613	22	and	CC
5614	23	that	DT
5615	24	is	VBZ
5616	25	Kosovo	NNP
5617	26	.	.
5618	*
5619	0	There	EX
5620	1	has	VBZ
5621	2	been	VBN
5622	3	some	DT
5623	4	news	NN
5624	5	coming	VBG
5625	6	out	RP
5626	7	that	IN
5627	8	Yugoslav	JJ
5628	9	troops	NNS
5629	10	are	VBP
5630	11	going	VBG
5631	12	to	TO
5632	13	return	VB
5633	14	to	IN
5634	15	Kosovo	NNP
5635	16	by	IN
5636	17	the	DT
5637	18	end	NN
5638	19	of	IN
5639	20	the	DT
5640	21	year	NN
5641	22	.	.
5642	*
5643	0	What	WP
5644	1	can	MD
5645	2	you	PRP
5646	3	tell	VB
5647	4	us	PRP
5648	5	about	IN
5649	6	what	WP
5650	7	this	DT
5651	8	new	JJ
5652	9	government	NN
5653	10	will	MD
5654	11	do	VB
5655	12	in	IN
5656	13	that	DT
5657	14	area	NN
5658	15	?	.
5659	*
5660	0	Well	UH
5661	1	,	,
5662	2	it	PRP
5663	3	is	VBZ
5664	4	a	DT
5665	5	report	NN
5666	6	that	WDT
5667	7	was	VBD
5668	8	brought	VBN
5669	9	by	IN
5670	10	today	NN
5671	11	's	POS
5672	12	edition	NN
5673	13	of	IN
5674	14	Vetrivinia	NNP
5675	15	Novostate	NNP
5676	16	,	,
5677	17	a	DT
5678	18	Belgrade	NNP
5679	19	newspaper	NN
5680	20	.	.
5681	*
5682	0	They	PRP
5683	1	quoted	VBD
5684	2	Zoran	NNP
5685	3	Zingic	NNP
5686	4	,	,
5687	5	one	CD
5688	6	of	IN
5689	7	the	DT
5690	8	main	JJ
5691	9	leaders	NNS
5692	10	in	IN
5693	11	the	DT
5694	12	Democratic	NNP
5695	13	Alliance	NNP
5696	14	saying	VBG
5697	15	that	IN
5698	16	Yugoslav	JJ
5699	17	troops	NNS
5700	18	and	CC
5701	19	police	NNS
5702	20	will	MD
5703	21	be	VB
5704	22	policing	VBG
5705	23	the	DT
5706	24	borders	NNS
5707	25	between	IN
5708	26	Kosovo	NNP
5709	27	and	CC
5710	28	other	JJ
5711	29	countries	NNS
5712	30	,	,
5713	31	meaning	VBG
5714	32	Macedonia	NNP
5715	33	and	CC
5716	34	Albania	NNP
5717	35	.	.
5718	*
5719	0	Basically	RB
5720	1	it	PRP
5721	2	is	VBZ
5722	3	not	RB
5723	4	such	PDT
5724	5	a	DT
5725	6	threatening	JJ
5726	7	sort	NN
5727	8	of	IN
5728	9	bit	NN
5729	10	of	IN
5730	11	a	DT
5731	12	news	NN
5732	13	as	IN
5733	14	it	PRP
5734	15	might	MD
5735	16	seem	VB
5736	17	at	IN
5737	18	the	DT
5738	19	moment	NN
5739	20	because	IN
5740	21	the	DT
5741	22	United	NNP
5742	23	Nations	NNP
5743	24	resolution	NN
5744	25	,	,
5745	26	1244	CD
5746	27	,	,
5747	28	does	VBZ
5748	29	actually	RB
5749	30	provide	VB
5750	31	for	IN
5751	32	the	DT
5752	33	presence	NN
5753	34	of	IN
5754	35	Yugoslav	JJ
5755	36	troops	NNS
5756	37	and	CC
5757	38	police	NNS
5758	39	on	IN
5759	40	the	DT
5760	41	borders	NNS
5761	42	.	.
5762	*
5763	0	That	DT
5764	1	part	NN
5765	2	of	IN
5766	3	the	DT
5767	4	resolution	NN
5768	5	here	RB
5769	6	and	CC
5770	7	the	DT
5771	8	resolution	NN
5772	9	was	VBD
5773	10	never	RB
5774	11	actually	RB
5775	12	applied	VBN
5776	13	because	IN
5777	14	right	RB
5778	15	until	IN
5779	16	now	RB
5780	17	,	,
5781	18	the	DT
5782	19	Yugoslav	JJ
5783	20	police	NNS
5784	21	and	CC
5785	22	military	NN
5786	23	were	VBD
5787	24	in	IN
5788	25	the	DT
5789	26	hands	NNS
5790	27	of	IN
5791	28	Milosevic	NNP
5792	29	,	,
5793	30	so	CC
5794	31	the	DT
5795	32	international	JJ
5796	33	community	NN
5797	34	did	VBD
5798	35	n't	RB
5799	36	want	VB
5800	37	to	TO
5801	38	have	VB
5802	39	anything	NN
5803	40	to	TO
5804	41	do	VB
5805	42	with	IN
5806	43	the	DT
5807	44	Milosevic	NNP
5808	45	forces	NNS
5809	46	.	.
5810	*
5811	0	Well	UH
5812	1	,	,
5813	2	how	WRB
5814	3	is	VBZ
5815	4	the	DT
5816	5	international	JJ
5817	6	community	NN
5818	7	dealing	VBG
5819	8	at	IN
5820	9	this	DT
5821	10	point	NN
5822	11	with	IN
5823	12	the	DT
5824	13	change	NN
5825	14	of	IN
5826	15	the	DT
5827	16	government	NN
5828	17	?	.
5829	*
5830	0	Who	WP
5831	1	is	VBZ
5832	2	there	EX
5833	3	and	CC
5834	4	what	WP
5835	5	kind	NN
5836	6	of	IN
5837	7	assistance	NN
5838	8	are	VBP
5839	9	they	PRP
5840	10	offering	VBG
5841	11	or	CC
5842	12	what	WP
5843	13	is	VBZ
5844	14	the	DT
5845	15	symbolic	JJ
5846	16	value	NN
5847	17	of	IN
5848	18	their	PRP$
5849	19	being	VBG
5850	20	there	RB
5851	21	at	IN
5852	22	this	DT
5853	23	point	NN
5854	24	?	.
5855	*
5856	0	Well	UH
5857	1	,	,
5858	2	at	IN
5859	3	the	DT
5860	4	moment	NN
5861	5	it	PRP
5862	6	is	VBZ
5863	7	a	DT
5864	8	race	NN
5865	9	,	,
5866	10	who	WP
5867	11	is	VBZ
5868	12	going	VBG
5869	13	to	TO
5870	14	get	VB
5871	15	to	IN
5872	16	Belgrade	NNP
5873	17	first	RB
5874	18	.	.
5875	*
5876	0	Yesterday	NN
5877	1	,	,
5878	2	we	PRP
5879	3	had	VBD
5880	4	the	DT
5881	5	French	JJ
5882	6	Foreign	NNP
5883	7	Minister	NNP
5884	8	,	,
5885	9	today	NN
5886	10	we	PRP
5887	11	have	VBP
5888	12	Budor	NNP
5889	13	Homback	NNP
5890	14	,	,
5891	15	who	WP
5892	16	is	VBZ
5893	17	the	DT
5894	18	head	NN
5895	19	of	IN
5896	20	the	DT
5897	21	international	JJ
5898	22	community	NN
5899	23	's	POS
5900	24	Stability	NNP
5901	25	Pact	NNP
5902	26	for	IN
5903	27	Southeast	NNP
5904	28	Europe	NNP
5905	29	.	.
5906	*
5907	0	We	PRP
5908	1	also	RB
5909	2	saw	VBD
5910	3	the	DT
5911	4	American	JJ
5912	5	diplomat	NN
5913	6	Willie	NNP
5914	7	Montgomery	NNP
5915	8	who	WP
5916	9	arrived	VBD
5917	10	in	IN
5918	11	Belgrade	NNP
5919	12	today	NN
5920	13	to	TO
5921	14	set	VB
5922	15	up	RP
5923	16	most	RBS
5924	17	probably	RB
5925	18	a	DT
5926	19	meeting	NN
5927	20	between	IN
5928	21	a	DT
5929	22	senior	JJ
5930	23	U.S.	NNP
5931	24	official	NN
5932	25	James	NNP
5933	26	O'brien	NNP
5934	27	,	,
5935	28	who	WP
5936	29	is	VBZ
5937	30	coming	VBG
5938	31	to	IN
5939	32	Belgrade	NNP
5940	33	.	.
5941	*
5942	0	He	PRP
5943	1	will	MD
5944	2	be	VB
5945	3	here	RB
5946	4	tomorrow	NN
5947	5	as	IN
5948	6	a	DT
5949	7	special	JJ
5950	8	representative	NN
5951	9	for	IN
5952	10	President	NNP
5953	11	Clinton	NNP
5954	12	.	.
5955	*
5956	0	He	PRP
5957	1	will	MD
5958	2	hold	VB
5959	3	talks	NNS
5960	4	,	,
5961	5	probably	RB
5962	6	behind	IN
5963	7	closed	JJ
5964	8	doors	NNS
5965	9	,	,
5966	10	with	IN
5967	11	President	NNP
5968	12	Vojislav	NNP
5969	13	Kostunica	NNP
5970	14	,	,
5971	15	but	CC
5972	16	the	DT
5973	17	United	NNP
5974	18	States	NNP
5975	19	is	VBZ
5976	20	keeping	VBG
5977	21	a	DT
5978	22	low	JJ
5979	23	profile	NN
5980	24	because	IN
5981	25	there	EX
5982	26	is	VBZ
5983	27	quite	PDT
5984	28	a	DT
5985	29	lot	NN
5986	30	of	IN
5987	31	anti-American	JJ
5988	32	sentiment	NN
5989	33	on	IN
5990	34	the	DT
5991	35	streets	NNS
5992	36	here	RB
5993	37	in	IN
5994	38	Serbia	NNP
5995	39	.	.
5996	*
5997	0	So	RB
5998	1	I	PRP
5999	2	believe	VBP
6000	3	that	IN
6001	4	Washington	NNP
6002	5	realizes	VBZ
6003	6	that	IN
6004	7	very	RB
6005	8	open	JJ
6006	9	support	NN
6007	10	for	IN
6008	11	Mr.	NNP
6009	12	Vojislav	NNP
6010	13	Kostunica	NNP
6011	14	could	MD
6012	15	do	VB
6013	16	the	DT
6014	17	man	NN
6015	18	more	JJR
6016	19	harm	NN
6017	20	than	IN
6018	21	good	JJ
6019	22	at	IN
6020	23	this	DT
6021	24	moment	NN
6022	25	.	.
6023	*
6024	0	The	DT
6025	1	World	NNP
6026	2	's	POS
6027	3	Nenad	NNP
6028	4	Chebeck	NNP
6029	5	in	IN
6030	6	Belgrade	NNP
6031	7	.	.
6032	*
6033	0	Thank	VBP
6034	1	you	PRP
6035	2	very	RB
6036	3	much	RB
6037	4	for	IN
6038	5	speaking	VBG
6039	6	with	IN
6040	7	us	PRP
6041	8	.	.
6042	*
6043	0	You	PRP
6044	1	are	VBP
6045	2	welcome	JJ
6046	3	Tony	NNP
6047	4	.	.
6048	*
6049	0	SANTA	NNP
6050	1	FE	NNP
6051	2	PACIFIC	NNP
6052	3	PIPELINE	NNP
6053	4	PARTNERS	NNP
6054	5	Limited	NNP
6055	6	Partnership	NNP
6056	7	,	,
6057	8	of	IN
6058	9	Los	NNP
6059	10	Angeles	NNP
6060	11	,	,
6061	12	increased	VBD
6062	13	its	PRP$
6063	14	quarterly	JJ
6064	15	cash	NN
6065	16	dividend	NN
6066	17	to	IN
6067	18	60	CD
6068	19	cents	NNS
6069	20	a	DT
6070	21	unit	NN
6071	22	from	IN
6072	23	55	CD
6073	24	cents	NNS
6074	25	,	,
6075	26	payable	JJ
6076	27	Nov.	NNP
6077	28	14	CD
6078	29	to	IN
6079	30	units	NNS
6080	31	of	IN
6081	32	record	NN
6082	33	Oct.	NNP
6083	34	31	CD
6084	35	.	.
6085	*
6086	0	The	DT
6087	1	company	NN
6088	2	is	VBZ
6089	3	an	DT
6090	4	independent	JJ
6091	5	refined	VBN
6092	6	-	HYPH
6093	7	petroleum	NN
6094	8	-	HYPH
6095	9	products	NN
6096	10	pipeline	NN
6097	11	serving	VBG
6098	12	six	CD
6099	13	Western	JJ
6100	14	states	NNS
6101	15	.	.
6102	*
